:020000040800F2
:10000000F0B30024E102000809DD000851D3000824
:1000100001DD0008990600080168010800000000E1
:10002000000000000000000000000000B1ED00082A
:10003000891E00080000000041E6000889F400085D
:10004000FB020008FB020008FB020008FB0200089C
:10005000FB020008FB020008FB020008FB0200088C
:10006000FB020008FB020008FB020008291100083F
:1000700039110008491100085911000869110008D8
:100080007911000889110008FB020008291F0008E7
:10009000C11F0008FB020008FB020008FB02000869
:1000A000FB020008FB020008FB020008FB0200083C
:1000B000D9F60008FB020008FB020008FB0200085A
:1000C000FB020008FB020008FB020008FB0200081C
:1000D000C1EB0008FB020008B9100108FB02000890
:1000E000FB020008FB02000800000000FB02000801
:1000F000FB020008FB020008FB020008FB020008EC
:10010000FB020008FB020008FB020008FB020008DB
:10011000FB020008A9FF0008FB020008FB02000820
:10012000FB020008FB020008FB020008FB020008BB
:10013000FB020008FB020008FB020008FB020008AB
:1001400000000000000000000000000000000000AF
:10015000FB020008FB020008FB020008FB0200088B
:10016000FB020008FB020008FB020008FB0200087B
:10017000FB02000881DD0008FB020008000000000F
:10018000FB020008FB020008FB020008FB0200085B
:10019000FB020008FB020008FB020008FB0200084B
:1001A000FB020008FB020008FB0200080000000040
:1001B000FB020008FB020008FB020008FB0200082B
:1001C000FB020008FB020008000000000000000025
:1001D0000000000000000000FB020008000000001A
:1001E000000000000000000000000000000000000F
:1001F0000000000000000000FB020008FB020008F5
:10020000FB020008FB02000800000000FB020008DF
:10021000FB020008FB020008FB020008FB020008CA
:10022000FB02000800000000FB02000800000000C4
:10023000FB020008FB02000800000000FB020008AF
:10024000FB020008FB020008FB020008FB0200089A
:10025000FB020008FB020008FB020008FB0200088A
:10026000FB020008FB020008FB020008FB0200087A
:10027000FB020008FB020008FB020008000000006F
:10028000FB020008FB020008FB020008FB0200085A
:1002900000000000FB020008FB0200080000000054
:1002A00000000000FB020008FB020008FB0200083F
:1002B000A9100108FB020008FB02000859200008F1
:1002C000FB020008FB020008FB020008DFF80CD06C
:1002D00000F08CF800480047016D0108F0B30024DD
:1002E0000648804706480047FEE7FEE7FEE7FEE7D0
:1002F000FEE7FEE7FEE7FEE7FEE7FEE799F500080A
:10030000CD0200082DE9F05F0546002092469B468D
:1003100088460646814640241BE02846414647461B
:10032000224600F053F853465A46C01A914110D362
:1003300011461846224600F03AF82D1A67EB0108DC
:100340004F4622460120002100F031F817EB00094A
:100350004E41201EA4F10104DFDC484631462A4606
:100360004346BDE8F09F40EA01039B0703D009E044
:1003700008C9121F08C0042AFAD203E011F8013B91
:1003800000F8013B521EF9D27047D2B201E000F8EA
:10039000012B491EFBD270470022F6E710B5134629
:1003A0000A4604461946FFF7F0FF204610BD202AF2
:1003B00004DB203A00FA02F1002070479140C2F1BC
:1003C000200320FA03F3194390407047202A04DBEE
:1003D000203A21FA02F00021704721FA02F3D040BE
:1003E000C2F120029140084319467047064C074D60
:1003F00006E0E06840F0010394E8070098471034F5
:10040000AC42F6D3FFF766FF10850108308501087E
:1004100030B58C1810F8012B12F00F0301D110F831
:10042000013B120906D110F8012B03E010F8015B23
:1004300001F8015B5B1EF9D101E001F8013B521E9E
:10044000FBD1A142E6D3002030BD00000000000037
:1004500080B540F60000C5F602000122114606F004
:10046000D3FC80BD0000000080B540F60000C5F65A
:1004700002000121002206F0C7FC80BD0000000040
:1004800080B540F60000C5F602000821012206F002
:10049000BBFC80BD0000000080B540F60000C5F642
:1004A00002000821002206F0AFFC80BD0000000021
:1004B00080B584B003908DF80B10039840F640414E
:1004C000C2F20041086042F2D011C2F20041019133
:1004D0000020087016F03CFA019902460878104393
:1004E000087016F015FB0199024608781043087051
:1004F0009DF80B0038B1FFE740F60040C2F2004023
:1005000000F06EF931E040F60041C2F20041009186
:1005100041F20300C3F6B83048624CF60860C3F6F7
:100520008D2088624AF28B00C3F60B00C86240F24D
:100530001060C3F65D60086341F60400CBF6D2603C
:1005400048630020886348F27A40C4F21D10C863F3
:1005500091ED0F1A9FED080A80EE010A81ED080A5D
:100560000020C4F220208861FFE742F2D010C2F2DE
:100570000040007804B080BDC3F51C4100000000BD
:1005800080B584B08DF80F0002918DF807209DF89A
:100590000F0040F0800000F02BF8FFE79DF8070007
:1005A00070B1FFE7552000F023F802990870029817
:1005B000013002909DF8070001388DF80700EDE743
:1005C00004B080BD0000000080B582B08DF8070047
:1005D00000919DF8070040F0800000F009F85520D8
:1005E00000F006F80099087002B080BD000000001D
:1005F00080B582B08DF8070040F64040C2F200405E
:1006000000686A464FF47A7111600DF107010DF12F
:10061000060201230BF014F89DF8060002B080BD1D
:1006200080B582B08DF807008DF806109DF80700A0
:10063000FFF7DEFF9DF80600FFF7DAFF02B080BD8E
:1006400080B540F20001C2F2004101F1120243F212
:10065000FC10C2F20040122310F036FD40F22401DB
:10066000C2F2004101F1100243F26810C2F20040F0
:10067000102310F029FD40F24401C2F2004101F1C3
:100680001F0243F2D400C2F200401F2310F01CFDF1
:1006900080BD000000000000FFE7FEE70000000052
:1006A00084B08DF80F000291ADF806209DF80F0080
:1006B0000146009123281DD80099DFE801F01213AC
:1006C0001415161B1B1B1B1B1B1B1B1B1B1B1B1B8C
:1006D0001B1B1B1B1B1B1B1B1B1B1B1B1B1B171871
:1006E000191A08E007E006E005E004E003E002E094
:1006F00001E000E0FFE7002004B0704700000000C8
:10070000002070470000000080B582B042F2A420B3
:10071000C2F20040009041F6C811C2F2004100222E
:10072000019211F03DFA009841F2C811C2F2004165
:1007300011F016FA019802B080BD00000000000020
:1007400080B582B0019000910098008814F018FAEA
:10075000002002B080BD000083B0029001918DF8AE
:10076000032000208DF802009DF9020003B07047BD
:1007700080B586B00490ADF80E1000208DF80D0005
:1007800042F2A420C2F20040D0F8BC0202900298CB
:10079000D0F8140220B1FFE701208DF8170013E014
:1007A0000499BDF80E2042F2A420C2F2004001904C
:1007B00011F0F6F9019811F0FFFA8DF80D009DF88F
:1007C0000D008DF81700FFE79DF8170006B080BDFB
:1007D00080B582B00190FFE716F056FAFCE7000002
:1007E00080B592B01190002010900F9001F060FA47
:1007F00040F66840C2F2004080ED000AFFE701F0D9
:1008000057FA40F66840C2F2004090ED001A30EE10
:10081000410AB2EE041AB4EE410AF1EE10FA1EDDFE
:10082000FFE7119941F20300C3F6B830486211990D
:100830004CF60860C3F68D20886211994AF28B004D
:10084000C3F60B00C862119948F27A40C4F21D1039
:10085000C86311990020C4F220208861ECE29FED6A
:10086000E70A01F0F9F911990020C863119948626B
:10087000119988621199C862ADF81200FFE7BDF8BE
:10088000120040F69401C2F200410988884280F2C9
:10089000DF81FFE7FFF7E8FD9220FFF7A9FE1220B6
:1008A0000FA902910622FFF76BFEFFF7D1FD9DF81D
:1008B0003C009DF83D1040EA0120ADF83A00BDF93A
:1008C0003A0000EE100AB8EEC00A40F68800C2F204
:1008D000004090ED001A20EE010A119981ED000A06
:1008E0009DF83E109DF83F2041EA0221ADF83A10F4
:1008F000BDF93A1000EE101AB8EEC00A90ED001AD9
:1009000020EE010A119981ED010A9DF840109DF831
:10091000412041EA0221ADF83A10BDF93A1000EE4B
:10092000101AB8EEC00A90ED001A20EE010A1198D4
:1009300080ED020A119890ED002A90ED010A90EDE9
:10094000021A20EE000A02EE020A01EE010A17F076
:100950000BFC8DED070A9DED071A119890ED0F0A1B
:1009600030EE010A80ED0F0AFFF796FD0299002094
:100970000822FFF705FEFFF783FD9DF83C000F28D6
:100980005FD1FFE79DF83E009DF83F1040EA01204F
:10099000ADF83A00BDF93A0000EE100AB8EEC00A10
:1009A00040F68C00C2F2004090ED001A20EE010AE1
:1009B000119981ED030A119991ED031A91ED090A3C
:1009C00030EE010A81ED090A9DF840109DF84120A2
:1009D00041EA0221ADF83A10BDF93A1000EE101AC2
:1009E000B8EEC00A90ED001A20EE010A119981EDCF
:1009F000040A119991ED041A91ED0A0A30EE010AE8
:100A000081ED0A0A9DF842109DF8432041EA022137
:100A1000ADF83A10BDF93A1000EE101AB8EEC00A5F
:100A200090ED001A20EE010A119880ED050A119848
:100A300090ED051A90ED0B0A30EE010A80ED0B0ADD
:100A4000FFE7BDF8120038BBFFE70798069007984C
:100A5000059000208DF81100FFE79DF81100022895
:100A600019DCFFE711989DF8112000EB8200C068A7
:100A70000BA941F8220011989DF8112000EB82008B
:100A8000C06808A941F82200FFE79DF81100013075
:100A90008DF81100E1E762E09DED070A9DED061A71
:100AA000B4EE410AF1EE10FA03DDFFE70798069075
:100AB000FFE79DED070A9DED051AB4EE410AF1EE40
:100AC00010FA03DAFFE707980590FFE700208DF89A
:100AD0001000FFE79DF8100002283FDCFFE71198A7
:100AE0009DF8101000EB810090ED030A0BA800EBBD
:100AF000810090ED001AB4EE410AF1EE10FA0ADD21
:100B0000FFE711989DF8102000EB8200C0680BA948
:100B100041F82200FFE711989DF8101000EB8100CA
:100B200090ED030A08A800EB810090ED001AB4EEE6
:100B3000410AF1EE10FA0ADAFFE711989DF8102049
:100B400000EB8200C06808A941F82200FFE7FFE738
:100B50009DF8100001308DF81000BBE7FFE79DED18
:100B6000060A9DED051A30EE410A42F2D410C2F297
:100B7000004080ED000A00208DF80F00FFE79DF88F
:100B80000F0002281DDCFFE79DF80F100BA800EBFB
:100B9000810090ED000A08A800EB810090ED001A9A
:100BA00030EE410A42F29820C2F2004000EB810090
:100BB00080ED000AFFE79DF80F0001308DF80F006F
:100BC000DDE742F2D410C2F2004090ED000AB6EE2A
:100BD000001AB4EE410AF1EE10FA2DDCFFE742F202
:100BE0009820C2F2004090ED000A9FEDE61AB4EEA4
:100BF000410AF1EE10FA1FDC02E000BF0AD7A33B66
:100C000042F29820C2F2004090ED010A9FEDDD1AF9
:100C1000B4EE410AF1EE10FA0EDCFFE742F2982042
:100C2000C2F2004090ED020A9FEDD61AB4EE410ADE
:100C3000F1EE10FA01DDFFE70AE09FEDD30A01F0C3
:100C40000BF8FFE7BDF812000130ADF8120016E610
:100C500040F69400C2F20040008800EE100AB8EEA0
:100C6000401A119890ED0F0A80EE010A80ED0F0AEC
:100C700000208DF80E00FFE79DF80E0002281BDC17
:100C8000FFE740F69400C2F20040008800EE100A30
:100C9000B8EE401A11989DF80E1000EB810090ED0F
:100CA000090A80EE010A80ED090AFFE79DF80E00AF
:100CB00001308DF80E00DFE7FFF7D6FBA220FFF72B
:100CC00097FC22200FA90222FFF75AFCFFF7C0FB76
:100CD0009DF83C009DF83D10C00040EA5110ADF871
:100CE0003A00BDF93A00B0F5806F07DBFFE7BDF8C9
:100CF0003A00A0F50060ADF83A00FFE7BDF93A0010
:100D000000EE100AB8EEC01AB4EE002AB3EE070ADD
:100D100001EE020A119880ED060A42F2C811C2F2F1
:100D20000041088801300880FFE742F2D410C2F287
:100D3000004090ED000A0120B6EE001AB4EE410A20
:100D4000F1EE10FA019071DCFFE7119890ED0F0AB7
:100D50009FED8E1A30EE010AB0EEC00A0120B6EE09
:100D6000001AB4EE410AF1EE10FA01905EDCFFE7E2
:100D700042F29820C2F2004090ED000A01209FED5F
:100D8000811AB4EE410AF1EE10FA01904EDCFFE751
:100D900042F29820C2F2004090ED010A01209FED3E
:100DA000791AB4EE410AF1EE10FA01903EDCFFE749
:100DB00042F29820C2F2004090ED020A01209FED1D
:100DC000711AB4EE410AF1EE10FA01902EDCFFE741
:100DD000119890ED090AB0EEC00A01209FED6C1A3F
:100DE000B4EE410AF1EE10FA01901FDCFFE7119812
:100DF00090ED0A0AB0EEC00A01209FED651AB4EE2C
:100E0000410AF1EE10FA019010DCFFE7119890ED25
:100E10000B0AB0EEC00A9FED5E1A0020B4EE410A44
:100E2000F1EE10FAC8BF01200190FFE70198C0075A
:100E300000287FF4E4ACFFE7119890ED0F1A9FEDC6
:100E4000550A80EE010A80ED080A0020ADF80C007A
:100E5000FFE7BDF80C0040F69601C2F20041098898
:100E6000884280F28C80FFE7FFF7FEFA9220FFF7BE
:100E7000BFFB12200FA90622FFF782FBFFF7E8FA5B
:100E80009DF83C009DF83D1040EA0120ADF83A0085
:100E9000BDF93A0000EE100AB8EEC00A40F688002C
:100EA000C2F2004090ED001A20EE010A119991ED76
:100EB000081A20EE010A81ED000A119991ED000A4D
:100EC00091ED0C1A9FED343A20EE030A9FED332A80
:100ED00001EE020A81ED0C0A9DF83E109DF83F20BC
:100EE00041EA0221ADF83A10BDF93A1000EE101AAD
:100EF000B8EEC00A90ED001A20EE010A119991EDAA
:100F0000081A20EE010A81ED010A119991ED010AFA
:100F100091ED0D1A20EE030A01EE020A81ED0D0A91
:100F20009DF840109DF8412041EA0221ADF83A10A9
:100F3000BDF93A1000EE101AB8EEC00A90ED001A92
:100F400020EE010A119890ED081A20EE010A80EDBA
:100F5000020A119890ED020A90ED0E1A20EE030A93
:100F600001EE020A80ED0E0A9FED070A00F074FE02
:100F7000FFE7BDF80C000130ADF80C0069E712B0D6
:100F800080BD00BF9A99193E6F12033ACDCC1CC1A7
:100F90000AD7233CC3F51C41CDCC4C3ECDCC4C3FB5
:100FA00080B582B0019000208DF80300FFE79DF826
:100FB0000300032811DCFFE7019A9DF80300682174
:100FC00010FB012001210A220EF082F8FFE79DF8B4
:100FD000030001308DF80300E9E74FF4FA7015F0D3
:100FE000F7FE0199012081F8C80102B080BD000020
:100FF00080B582B00190019890F8C80108B9FFE768
:1010000009E0019890ED690AD0ED6A0A90ED6B1A3B
:101010000CF0E2FDFFE702B080BD00000000000020
:1010200084B003908DED020ACDED010A8DED001A1A
:10103000FFE79DED020A9FED3A1AB4EE410AF1EE88
:1010400010FA06DCFFE74CF6CD40CBF64C70029070
:1010500010E09DED020A9FED331AB4EE410AF1EE65
:1010600010FA06DBFFE74CF6CD40C3F64C70029059
:10107000FFE7FFE7FFE7FFE79DED010A9FED281A75
:10108000B4EE410AF1EE10FA06DCFFE74CF6CD4073
:10109000CBF64C70019010E09DED010A9FED211AF6
:1010A000B4EE410AF1EE10FA06DBFFE74CF6CD4054
:1010B000C3F64C700190FFE7FFE7FFE7FFE79DED08
:1010C000000A9FED171AB4EE410AF1EE10FA06DCA1
:1010D000FFE74CF6CD40CBF64C70009010E09DED54
:1010E000000A9FED101AB4EE410AF1EE10FA06DB89
:1010F000FFE74CF6CD40C3F64C700090FFE7FFE7EA
:10110000FFE702980399C1F8A40101980399C1F877
:10111000A80100980399C1F8AC0104B0704700BF62
:10112000CDCC4CBFCDCC4C3F80B542F28050C2F20A
:10113000004002F075F980BD80B542F2F850C2F26D
:10114000004002F06DF980BD80B542F27060C2F2DD
:10115000004002F065F980BD80B542F2D870C2F25D
:10116000004002F05DF980BD80B542F65000C2F249
:10117000004002F055F980BD80B542F2E860C2F24D
:10118000004002F04DF980BD80B542F26070C2F2BD
:10119000004002F045F980BD83B0029002980168DA
:1011A00001201022C4F202029142009000F0A380BC
:1011B000FFE70298016801202822C4F2020291424E
:1011C000009000F09880FFE702980168012040221B
:1011D000C4F202029142009000F08D80FFE7029875
:1011E000016801205822C4F202029142009000F0EE
:1011F0008280FFE70298016801207022C4F2020297
:101200009142009077D0FFE7029801680120882280
:10121000C4F20202914200906DD0FFE7029801688B
:101220000120A022C4F202029142009063D0FFE7A5
:10123000029801680120B822C4F202029142009093
:1012400059D0FFE702980168012040F21042C4F231
:101250000202914200904ED0FFE7029801680120FF
:1012600040F22842C4F202029142009043D0FFE7CC
:1012700002980168012040F24042C4F20202914209
:10128000009038D0FFE702980168012040F25842F0
:10129000C4F20202914200902DD0FFE7029801684B
:1012A000012040F27042C4F202029142009022D02A
:1012B000FFE702980168012040F28842C4F202026E
:1012C0009142009017D0FFE702980168012040F298
:1012D000A042C4F20202914200900CD0FFE70298B3
:1012E00000684FF64831CBF6FD710844B0FA80F043
:1012F00040090090FFE70098C00740B3FFE702985D
:10130000007810384AF6AB21CAF6AA21A0FB0110DA
:1013100000090190019800F0070148F27420C0F61E
:101320000100405C0299C8650198042807D3FFE7D3
:1013300002990868042262F30900886506E00299B0
:10134000086840F2FF3290438865FFE705E00299A4
:10135000086820F0FF008865FFE70298806D03B001
:10136000704700000000000084B0039003980068FC
:10137000019003980168012045F20842C5F6020277
:10138000914200904ED0FFE703980168012045F29A
:101390001C42C5F602029142009043D0FFE7039839
:1013A0000168012045F23042C5F6020291420090E8
:1013B00038D0FFE703980168012045F24442C5F6A2
:1013C0000202914200902DD0FFE7039801680120AE
:1013D00045F25842C5F602029142009022D0FFE742
:1013E00003980168012045F26C42C5F60202914261
:1013F000009017D0FFE703980168012045F2804272
:10140000C5F60202914200900CD0FFE703980068F5
:101410004AF66C31CAF2FD710844B0FA80F0400916
:101420000090FFE70098C00710B3FFE7039800782B
:1014300008384CF6CD41CCF6CC41A0FB0110000998
:101440000290029945F60000C5F6020000EB81000B
:1014500003990866039945F68000C5F602004866C0
:10146000029800F01F01012088400399886635E04A
:101470000398007810384AF6AB21CAF6AA21A0FBDF
:10148000011000090290019840F2B841C4F2020133
:1014900088420CD8FFE7019840F21041C4F20201E3
:1014A000884204D3FFE7029808300290FFE70299D0
:1014B00040F60000C4F2020000EB810003990866C8
:1014C000039940F68000C4F202004866029800F0DA
:1014D0001F010120884003998866FFE704B0704728
:1014E00083B002900298007901900198002800F0E2
:1014F0008A80FFE70198082800F28580FFE70298BC
:101500000168012045F20842C5F6020291420090AE
:101510004ED0FFE702980168012045F21C42C5F653
:1015200002029142009043D0FFE702980168012037
:1015300045F23042C5F602029142009038D0FFE7F2
:1015400002980168012045F24442C5F60202914228
:1015500000902DD0FFE702980168012045F2584223
:10156000C5F602029142009022D0FFE7029801687E
:10157000012045F26C42C5F602029142009017D05C
:10158000FFE702980168012045F28042C5F6020299
:10159000914200900CD0FFE7029800684AF66C3147
:1015A000CAF2FD710844B0FA80F040090090FFE7EC
:1015B0000098C00780B1FFE7019945F6FC00C5F629
:1015C000020000EB81000299C866029945F64010BE
:1015D000C5F6020008670FE0019940F6FC00C4F26E
:1015E000020000EB81000299C866029940F64010A3
:1015F000C4F202000867FFE70198411E01208840FD
:1016000002994867FFE703B0704700000000000040
:1016100085B0049000208DF80F000498806918BBF5
:10162000FFE70498806A029003281BD80299DFE83C
:1016300001F0020D0218049890F82F00C00720B1A5
:10164000FFE701208DF80F00FFE70CE00498C06A67
:10165000B0F1C07F04D1FFE701208DF80F00FFE754
:1016600001E000E0FFE747E004988069B0F5005F23
:1016700026D1FFE70498806A019003281ED80199BB
:10168000DFE801F00206021101208DF80F0016E0DC
:10169000049890F82F00C00720B1FFE701208DF8D3
:1016A0000F00FFE70BE00498C06AB0F1C07F04D1DF
:1016B000FFE701208DF80F00FFE700E0FFE71AE0E9
:1016C0000498806A0090032804D3FFE70098032859
:1016D00004D00EE001208DF80F000BE0049890F884
:1016E0002F00C00720B1FFE701208DF80F00FFE7B2
:1016F00000E0FFE7FFE7FFE79DF80F0005B0704748
:1017000089B008900791069205930898806D04901F
:101710000898806D03900898016801201022C4F297
:1017200002029142029000F00381FFE708980168ED
:1017300001202822C4F202029142029000F0F880B7
:10174000FFE70898016801204022C4F2020291429A
:10175000029000F0ED80FFE7089801680120582210
:10176000C4F202029142029000F0E280FFE7089882
:10177000016801207022C4F202029142029000F03E
:10178000D780FFE70898016801208822C4F202028E
:101790009142029000F0CC80FFE708980168012098
:1017A000A022C4F202029142029000F0C180FFE741
:1017B000089801680120B822C4F202029142029006
:1017C00000F0B680FFE708980168012040F210425F
:1017D000C4F202029142029000F0AA80FFE708984A
:1017E0000168012040F22842C4F2020291420290B4
:1017F00000F09E80FFE708980168012040F2404217
:10180000C4F202029142029000F09280FFE7089831
:101810000168012040F25842C4F202029142029053
:1018200000F08680FFE708980168012040F27042CE
:10183000C4F20202914202907AD0FFE70898016850
:10184000012040F28842C4F20202914202906FD01D
:10185000FFE708980168012040F2A042C4F20202AA
:101860009142029064D0FFE708980168012040F29D
:10187000B842C4F202029142029059D0FFE70898A0
:101880000168012045F20842C5F602029142029029
:101890004ED0FFE708980168012045F21C42C5F6CA
:1018A00002029142029043D0FFE7089801680120AC
:1018B00045F23042C5F602029142029038D0FFE76D
:1018C00008980168012045F24442C5F6020291429F
:1018D00002902DD0FFE708980168012045F2584298
:1018E000C5F602029142029022D0FFE708980168F3
:1018F000012045F26C42C5F602029142029017D0D7
:10190000FFE708980168012045F28042C5F602020F
:10191000914202900CD0FFE7089800684AF66C31BB
:10192000CAF2FD710844B0FA80F040090290FFE766
:101930000298C00770B1FFE70898416E806E48605A
:101940000898C06E28B1FFE70898016F406F4860A3
:10195000FFE7FFE70898016801201022C4F20202A5
:101960009142019000F0A380FFE7089801680120F0
:101970002822C4F202029142019000F09880FFE711
:101980000898016801204022C4F2020291420190AD
:1019900000F08D80FFE70898016801205822C4F20A
:1019A00002029142019000F08280FFE708980168EE
:1019B00001207022C4F202029142019077D0FFE729
:1019C0000898016801208822C4F202029142019025
:1019D0006DD0FFE7089801680120A022C4F202023E
:1019E0009142019063D0FFE7089801680120B82276
:1019F000C4F202029142019059D0FFE708980168B1
:101A0000012040F21042C4F20202914201904ED0F5
:101A1000FFE708980168012040F22842C4F2020260
:101A20009142019043D0FFE708980168012040F2FD
:101A30004042C4F202029142019038D0FFE7089878
:101A40000168012040F25842C4F202029142019022
:101A50002DD0FFE708980168012040F27042C4F2DF
:101A600002029142019022D0FFE70898016801200C
:101A700040F28842C4F202029142019017D0FFE77F
:101A800008980168012040F2A042C4F2020291428B
:101A900001900CD0FFE7089800684FF64831CBF66C
:101AA000FD710844B0FA80F040090190FFE7019809
:101AB000C00750B3FFE70898C06D00F01F013F203A
:101AC00088400499886008980168086820F480209C
:101AD0000860059808990968486008988068402857
:101AE00009D1FFE70698089909688860079808995E
:101AF0000968C86008E0079808990968886006982E
:101B000008990968C860FFE782E008980168012029
:101B100045F20842C5F60202914200904ED0FFE71E
:101B200008980168012045F21C42C5F60202914264
:101B3000009043D0FFE708980168012045F2304249
:101B4000C5F602029142009038D0FFE7089801687C
:101B5000012045F24442C5F60202914200902DD088
:101B6000FFE708980168012045F25842C5F60202D5
:101B70009142009022D0FFE708980168012045F2C9
:101B80006C42C5F602029142009017D0FFE7089818
:101B90000168012045F28042C5F6020291420090A0
:101BA0000CD0FFE7089800684AF66C31CAF2FD7164
:101BB0000844B0FA80F040090090FFE70098C007A1
:101BC00020B3FFE70898C06D00F01F010120884096
:101BD00003994860059808990968486008988068E2
:101BE000402809D1FFE70698089909688860079896
:101BF00008990968C86008E007980899096888602A
:101C0000069808990968C860FFE700E0FFE7FFE76A
:101C100009B070470000000081B041F20400CEF22C
:101C2000000000680090009840F66041C2F2004158
:101C30000968884208D2FFE740F66441C2F20041D9
:101C4000086801300860FFE7009840F66041C2F282
:101C50000041086001B0704783B08DED020A41F287
:101C60000400CEF200000068019002980090FFE7A7
:101C700041F20400CEF2000000680199401A00EE23
:101C8000100AB8EE400A9DED001A40F64840C2F234
:101C9000004090ED002AB8EE422A21EE021AB4EE7E
:101CA000410AF1EE10FA01DAFFE7E1E703B070470D
:101CB00080B582B000F068F840F68850C2F200406B
:101CC00090ED000AB8EE400A818801EE101AB8EED5
:101CD000C11A9FED092A01EE020AC08801EE100A1E
:101CE000B8EEC11A9FED052A01EE020A8DED010A38
:101CF0009DED010A02B080BD6F12833ABD37863573
:101D000081B000904EF6FC51CEF20001086840F020
:101D10008070086041F20401CEF2000100200860EA
:101D200041F20002CEF20002116841F0010111609F
:101D3000009944F24022C0F20F024A4340F6484163
:101D4000C2F200410A600A6844F6D353C1F262034A
:101D5000A2FB0332920940F64C43C2F200431A60E0
:101D600009684DF68362C4F21B32A1FB0221890C83
:101D700040F65042C2F20042116040F66441C2F2A5
:101D80000041086001B07047B0B586B041F2040070
:101D9000CEF2000000680590FFF73EFF40F6644079
:101DA000C2F2004001680598002302934FF0FF3C07
:101DB0001A46E1FB0C0240F65841C2F20041009184
:101DC0004A6008600868496840F64844C2F2004426
:101DD0002268FEF797FA029B02468C46009940F66D
:101DE0007040C2F20040C0F804C00260D1F800C0E8
:101DF0004968D0F800E042682468AEFB04E502FBC5
:101E00000452BCEB0E0C61EB020240F67841C2F2C8
:101E100000410391C1F800C04A60006840F6885252
:101E2000C2F20042049210600868496840F64C42D1
:101E3000C2F2004201921268FEF764FADDF804C0B3
:101E4000029B049A01460398918001684068928839
:101E5000DCF800C002FB0CF28A1A60F1000040F6C8
:101E60008041C2F200410A6048600868496840F653
:101E70005042C2F200421268FEF744FA0499C88048
:101E800006B0B0BD00000000704700000000000078
:101E900081B0EFF3108072B60090FFE7FEE700001C
:101EA00080B58AB0002002900390022104910121A4
:101EB00005910690079042F6C800C2F2004002A9C0
:101EC00003F072FC18B1FFE7FFF7E2FFFFE7684697
:101ED0000023036042F6C800C2F20040022211460D
:101EE00003F0EEFC18B1FFE7FFF7D2FFFFE742F681
:101EF000C800C2F200400121002203F0CDFB18B15E
:101F0000FFE7FFF7C5FFFFE742F6C800C2F2004057
:101F100004F022FD18B1FFE7FFF7BAFFFFE70AB0B0
:101F200080BD00000000000080B542F6C800C2F28B
:101F3000004003F085FE80BD80B58AB0002002908D
:101F4000012103910221049105910690079042F628
:101F50006810C2F2004002A903F026FC18B1FFE7A6
:101F6000FFF796FFFFE768460023036042F668101C
:101F7000C2F200400222114603F0A2FC18B1FFE7B2
:101F8000FFF786FFFFE742F66810C2F2004010211B
:101F9000002203F081FB18B1FFE7FFF779FFFFE7AD
:101FA00042F66810C2F2004004F0D6FC18B1FFE718
:101FB000FFF76EFFFFE70AB080BD000000000000E1
:101FC00080B542F66810C2F2004003F039FE80BDD1
:101FD00080B58AB000200290022103910491012172
:101FE00005910690079042F60820C2F2004002A92F
:101FF00003F0DAFB18B1FFE7FFF74AFFFFE7684697
:102000000023036042F60820C2F20040022211467B
:1020100003F056FC18B1FFE7FFF73AFFFFE742F67F
:102020000820C2F200401021002203F035FB18B155
:10203000FFE7FFF72DFFFFE742F60820C2F200405E
:1020400004F08AFC18B1FFE7FFF722FFFFE70AB0B0
:1020500080BD00000000000080B542F60820C2F2FA
:10206000004003F0EDFD80BD84B002900298406B0B
:10207000009002980068D0F884004FF6FC71884305
:10208000009940EA810002990968C1F88400029829
:102090000068D0F8840020F47F00029A1168926BE7
:1020A00040EA0240C1F884000298816B009808441D
:1020B000009002980068D0F888006FF38F000099B4
:1020C00040EA810002990968C1F888000298006816
:1020D000D0F8880020F4FE00029A1168D26B40EA22
:1020E0000240C1F888000298C16B009800EB4100E3
:1020F000009002980068D0F8A0006FF38F0000995C
:1021000040EA810002990968C1F8A00002980068BD
:10211000D0F8A00020F4FE00029A1168126C40EA88
:102120000240C1F8A0000299086C496C009A00FBBB
:102130000120009002980068D0F8B0006FF38F0083
:10214000009940EA810002990968C1F8B00002983C
:102150000068D0F8B00020F4FE00029A1168926C7A
:1021600040EA0240C1F8B0000299886CC96C009A3C
:1021700000FB0120009002980068D0F8AC006FF3DB
:102180008F00009940EA810002990968C1F8AC000B
:102190000299086D496D009A00FB01200090029899
:1021A0000068D0F8F0006FF38F00009940EA8100DA
:1021B00002990968C1F8F00002980068D0F8F000B0
:1021C00020F47C10029A1168926D40EA0240C1F836
:1021D000F0000298816D009800EB41000090029899
:1021E0000068D0F8C0006FF38F00009940EA8100CA
:1021F00002990968C1F8C00002980068D0F8C000D0
:1022000020F47C10029A1168D26D40EA0240C1F8B5
:10221000C00002980068D0F8C00020F07C50029AFC
:102220001168126E40EA0260C1F8C00002994A6B60
:102230004AF60040C4F2000000EB8200C866029932
:102240008A6BC86E00EB820008670299CA6B086F40
:1022500000EBC200486702990A6C4B6C486F5A4306
:1022600000EB8200886702998A6CCB6C886F5A43B6
:1022700000EB8200C86702990A6D4B6DC86F5A4324
:1022800000EB8200C1F8800002998A6DD1F88000CD
:1022900000EBC200C1F884000299CA6D8B6ED1F8C0
:1022A00084005A4300EB8200C1F8880002990A6E4C
:1022B0008B6ED1F888005A4300EB8200C1F8900081
:1022C0000298D0F890004DF2FD31C4F2000188422E
:1022D0000FD3FFE70299D1F89C0040F02000C1F82D
:1022E0009C000299032081F8980001208DF80F00CE
:1022F00017E00298C06E0190FFE701980299D1F8AB
:102300009010884208D2FFE7019900200860FFE79B
:10231000019804300190F0E7FFE700208DF80F00EE
:10232000FFE79DF80F0004B07047000000000000B8
:1023300084B002900191ADF80220029828B9FFE71D
:102340004FF6FF70ADF80E0021E0FFE70198411E47
:102350000191B8B1FFE70298411C029100788DF815
:102360000100BDF802109DF801004840C2B248F2D9
:102370000E30C0F6010030F8120080EA1120ADF8EE
:102380000200E3E7BDF80200ADF80E00FFE7BDF87C
:102390000E0004B07047000080B584B04EF6000017
:1023A000C1F6F170006803904EF60400C1F6F170BA
:1023B000006802904EF60800C1F6F17000680190C6
:1023C0000199039808440390039888B1FFE70398A4
:1023D00040F68031C2F200410091023108220AF039
:1023E000BBFF00990298123104220AF0B5FFFFE703
:1023F00004B080BD0000000080B58AB0089004F0F1
:102400001BFD0490089828B9FFE701208DF82700EC
:1024100000F0AABC089890F8350002280ED0FFE71B
:10242000089980204865FFE70899002081F834006A
:10243000FFE701208DF8270000F096BC089801689E
:1024400001201022C4F202029142039000F0A38006
:10245000FFE70898016801202822C4F20202914295
:10246000039000F09880FFE708980168012040225F
:10247000C4F202029142039000F08D80FFE70898B9
:10248000016801205822C4F202029142039000F038
:102490008280FFE70898016801207022C4F20202DE
:1024A0009142039077D0FFE70898016801208822C5
:1024B000C4F20202914203906DD0FFE708980168D0
:1024C0000120A022C4F202029142039063D0FFE7F0
:1024D000089801680120B822C4F2020291420390D8
:1024E00059D0FFE708980168012040F21042C4F279
:1024F0000202914203904ED0FFE708980168012044
:1025000040F22842C4F202029142039043D0FFE716
:1025100008980168012040F24042C4F20202914250
:10252000039038D0FFE708980168012040F2584234
:10253000C4F20202914203902DD0FFE7089801688F
:10254000012040F27042C4F202029142039022D074
:10255000FFE708980168012040F28842C4F20202B5
:102560009142039017D0FFE708980168012040F2DC
:10257000A042C4F20202914203900CD0FFE70898F7
:1025800000684FF64831CBF6FD710844B0FA80F090
:1025900040090390FFE70398C00780B1FFE7089860
:1025A0000168086820F01E00086008980168486902
:1025B00020F08000486108980068059009E00898BC
:1025C0000168086820F00E0008600898006805900F
:1025D000FFE70898016801201022C4F2020291422C
:1025E000029000F00381FFE708980168012028228B
:1025F000C4F202029142029000F0F880FFE70898CE
:10260000016801204022C4F202029142029000F0CF
:10261000ED80FFE70898016801205822C4F2020209
:102620009142029000F0E280FFE7089801680120E3
:102630007022C4F202029142029000F0D780FFE7BC
:102640000898016801208822C4F202029142029097
:1026500000F0CC80FFE7089801680120A022C4F2B6
:1026600002029142029000F0C180FFE708980168E1
:102670000120B822C4F202029142029000F0B6801A
:10268000FFE708980168012040F21042C4F20202FC
:102690009142029000F0AA80FFE7089801680120AB
:1026A00040F22842C4F202029142029000F09E8061
:1026B000FFE708980168012040F24042C4F202029C
:1026C0009142029000F09280FFE708980168012093
:1026D00040F25842C4F202029142029000F0868019
:1026E000FFE708980168012040F27042C4F202023C
:1026F000914202907AD0FFE708980168012040F2E9
:102700008842C4F20202914202906FD0FFE708981B
:102710000168012040F2A042C4F2020291420290FC
:1027200064D0FFE708980168012040F2B842C4F283
:1027300002029142029059D0FFE7089801680120F7
:1027400045F20842C5F60202914202904ED0FFE7E0
:1027500008980168012045F21C42C5F60202914228
:10276000029043D0FFE708980168012045F230420B
:10277000C5F602029142029038D0FFE7089801683E
:10278000012045F24442C5F60202914202902DD04A
:10279000FFE708980168012045F25842C5F6020299
:1027A0009142029022D0FFE708980168012045F28B
:1027B0006C42C5F602029142029017D0FFE70898DA
:1027C0000168012045F28042C5F602029142029062
:1027D0000CD0FFE7089800684AF66C31CAF2FD7128
:1027E0000844B0FA80F040090290FFE70298C00761
:1027F00038B1FFE70898016E086820F4807008601F
:10280000FFE7089800681021C4F20201884200F036
:102810008180FFE7089800682821C4F202018842FD
:1028200078D0FFE7089800684021C4F2020188428E
:1028300070D0FFE7089800685821C4F2020188426E
:1028400068D0FFE7089800687021C4F2020188424E
:1028500060D0FFE7089800688821C4F2020188422E
:1028600058D0FFE708980068A021C4F2020188420E
:1028700050D0FFE708980068B821C4F202018842EE
:1028800048D0FFE70898006840F21041C4F2020106
:1028900088423FD0FFE70898006840F22841C4F220
:1028A0000201884236D0FFE70898006840F24041B4
:1028B000C4F2020188422DD0FFE70898006840F278
:1028C0005841C4F20201884224D0FFE7089800680A
:1028D00040F27041C4F2020188421BD0FFE7089821
:1028E000006840F28841C4F20201884212D0FFE73A
:1028F0000898006840F2A041C4F20201884209D061
:10290000FFE70898006840F2B841C4F2020188422B
:1029100007D1FFE708980168086820F00100086007
:1029200006E008980168086820F001000860FFE7E9
:10293000FFE705980068C007C8B1FFE704F07CFA1C
:102940000499401A062811D3FFE70899202048650A
:102950000899032081F83500FFE70899002081F8E5
:102960003400FFE701208DF82700FDE1E1E708983A
:10297000016801201022C4F202029142019000F08D
:10298000A380FFE70898016801202822C4F2020210
:102990009142019000F09880FFE7089801680120BB
:1029A0004022C4F202029142019000F08D80FFE7C4
:1029B0000898016801205822C4F202029142019055
:1029C00000F08280FFE70898016801207022C4F2BD
:1029D00002029142019077D0FFE708980168012038
:1029E0008822C4F20202914201906DD0FFE708985C
:1029F00001680120A022C4F202029142019063D03A
:102A0000FFE7089801680120B822C4F2020291424F
:102A1000019059D0FFE708980168012040F2104268
:102A2000C4F20202914201904ED0FFE7089801687B
:102A3000012040F22842C4F202029142019043D0A8
:102A4000FFE708980168012040F24042C4F2020208
:102A50009142019038D0FFE708980168012040F2C8
:102A60005842C4F20202914201902DD0FFE708982B
:102A70000168012040F27042C4F2020291420190CA
:102A800022D0FFE708980168012040F28842C4F292
:102A900002029142019017D0FFE7089801680120D7
:102AA00040F2A042C4F20202914201900CD0FFE732
:102AB000089800684FF64831CBF6FD710844B0FA2B
:102AC00080F040090190FFE70198C00760B1FFE77F
:102AD0000898806D07900898C06D00F01F013F2096
:102AE0008840079988600BE00898806D06900898E8
:102AF000C06D00F01F010120884006994860FFE783
:102B00000898016801201022C4F20202914200904C
:102B100000F00381FFE70898016801202822C4F231
:102B200002029142009000F0F880FFE708980168E7
:102B300001204022C4F202029142009000F0ED8098
:102B4000FFE70898016801205822C4F2020291426E
:102B5000009000F0E280FFE70898016801207022F1
:102B6000C4F202029142009000F0D780FFE708987B
:102B7000016801208822C4F202029142009000F014
:102B8000CC80FFE7089801680120A022C4F202026D
:102B90009142009000F0C180FFE708980168012091
:102BA000B822C4F202029142009000F0B680FFE722
:102BB00008980168012040F21042C4F202029142DA
:102BC000009000F0AA80FFE708980168012040F219
:102BD0002842C4F202029142009000F09E80FFE77A
:102BE00008980168012040F24042C4F2020291427A
:102BF000009000F09280FFE708980168012040F201
:102C00005842C4F202029142009000F08680FFE731
:102C100008980168012040F27042C4F20202914219
:102C200000907AD0FFE708980168012040F28842BE
:102C3000C4F20202914200906FD0FFE70898016849
:102C4000012040F2A042C4F202029142009064D0FE
:102C5000FFE708980168012040F2B842C4F202027E
:102C60009142009059D0FFE708980168012045F291
:102C70000842C5F60202914200904ED0FFE7089844
:102C80000168012045F21C42C5F602029142009003
:102C900043D0FFE708980168012045F23042C5F6AD
:102CA00002029142009038D0FFE7089801680120A5
:102CB00045F24442C5F60202914200902DD0FFE752
:102CC00008980168012045F25842C5F60202914277
:102CD000009022D0FFE708980168012045F26C427D
:102CE000C5F602029142009017D0FFE708980168EC
:102CF000012045F28042C5F60202914200900CD0BC
:102D0000FFE7089800684AF66C31CAF2FD71084482
:102D1000B0FA80F040090090FFE70098C007A0B12A
:102D2000FFE70898416E806E48600898C06E58B101
:102D3000FFE70898C16E086820F480700860089862
:102D4000016F406F4860FFE7FFE70899012081F8B5
:102D50003500FFE70899002081F83400FFE7FFE71E
:102D600000208DF82700FFE79DF827000AB080BDFE
:102D700080B586B00490049820B9FFE701208DF853
:102D8000170046E3049890F83500022807D0FFE7C3
:102D900004998020486501208DF8170039E30498D4
:102DA000016801201022C4F202029142029000F058
:102DB000A380FFE70498016801202822C4F20202E0
:102DC0009142029000F09880FFE70498016801208A
:102DD0004022C4F202029142029000F08D80FFE78F
:102DE0000498016801205822C4F202029142029024
:102DF00000F08280FFE70498016801207022C4F28D
:102E000002029142029077D0FFE704980168012006
:102E10008822C4F20202914202906DD0FFE704982A
:102E200001680120A022C4F202029142029063D004
:102E3000FFE7049801680120B822C4F2020291421F
:102E4000029059D0FFE704980168012040F2104237
:102E5000C4F20202914202904ED0FFE7049801684A
:102E6000012040F22842C4F202029142029043D073
:102E7000FFE704980168012040F24042C4F20202D8
:102E80009142029038D0FFE704980168012040F297
:102E90005842C4F20202914202902DD0FFE70498FA
:102EA0000168012040F27042C4F202029142029095
:102EB00022D0FFE704980168012040F28842C4F262
:102EC00002029142029017D0FFE7049801680120A6
:102ED00040F2A042C4F20202914202900CD0FFE7FD
:102EE000049800684FF64831CBF6FD710844B0FAFB
:102EF00080F040090290FFE70298C007002800F028
:102F00009D80FFE70499042081F83500049800684B
:102F10001021C4F20201884200F08180FFE704988A
:102F200000682821C4F20201884278D0FFE70498A3
:102F300000684021C4F20201884270D0FFE7049883
:102F400000685821C4F20201884268D0FFE7049863
:102F500000687021C4F20201884260D0FFE7049843
:102F600000688821C4F20201884258D0FFE7049823
:102F70000068A021C4F20201884250D0FFE7049803
:102F80000068B821C4F20201884248D0FFE70498E3
:102F9000006840F21041C4F2020188423FD0FFE7CE
:102FA0000498006840F22841C4F20201884236D0F9
:102FB000FFE70498006840F24041C4F202018842F1
:102FC0002DD0FFE70498006840F25841C4F2020196
:102FD000884224D0FFE70498006840F27041C4F2B0
:102FE000020188421BD0FFE70498006840F2884144
:102FF000C4F20201884212D0FFE70498006840F250
:10300000A041C4F20201884209D0FFE70498006899
:1030100040F2B841C4F20201884207D1FFE70498A8
:103020000168086820F00100086006E00498016863
:10303000086820F001000860FFE7E5E104980168F6
:10304000086820F00E000860049800681021C4F29F
:103050000201884200F08180FFE70498006828217F
:10306000C4F20201884278D0FFE70498006840214A
:10307000C4F20201884270D0FFE70498006858212A
:10308000C4F20201884268D0FFE70498006870210A
:10309000C4F20201884260D0FFE7049800688821EA
:1030A000C4F20201884258D0FFE704980068A021CA
:1030B000C4F20201884250D0FFE704980068B821AA
:1030C000C4F20201884248D0FFE70498006840F249
:1030D0001041C4F2020188423FD0FFE70498006823
:1030E00040F22841C4F20201884236D0FFE704983A
:1030F000006840F24041C4F2020188422DD0FFE74F
:103100000498006840F25841C4F20201884224D079
:10311000FFE70498006840F27041C4F2020188425F
:103120001BD0FFE70498006840F28841C4F2020116
:10313000884212D0FFE70498006840F2A041C4F230
:103140000201884209D0FFE70498006840F2B841C4
:10315000C4F20201884207D1FFE7049801680868B9
:1031600020F00100086006E004980168086820F07B
:1031700001000860FFE70498016801201022C4F2F2
:1031800002029142019000F00381FFE70498016878
:1031900001202822C4F202029142019000F0F8803E
:1031A000FFE70498016801204022C4F20202914224
:1031B000019000F0ED80FFE704980168012058229B
:1031C000C4F202029142019000F0E280FFE704980D
:1031D000016801207022C4F202029142019000F0C5
:1031E000D780FFE70498016801208822C4F2020218
:1031F0009142019000F0CC80FFE704980168012023
:10320000A022C4F202029142019000F0C180FFE7C7
:10321000049801680120B822C4F202029142019090
:1032200000F0B680FFE704980168012040F21042E8
:10323000C4F202029142019000F0AA80FFE70498D4
:103240000168012040F22842C4F20202914201903A
:1032500000F09E80FFE704980168012040F24042A0
:10326000C4F202029142019000F09280FFE70498BC
:103270000168012040F25842C4F2020291420190DA
:1032800000F08680FFE704980168012040F2704258
:10329000C4F20202914201907AD0FFE704980168DB
:1032A000012040F28842C4F20202914201906FD0A4
:1032B000FFE704980168012040F2A042C4F2020234
:1032C0009142019064D0FFE704980168012040F228
:1032D000B842C4F202029142019059D0FFE704982B
:1032E0000168012045F20842C5F6020291420190B0
:1032F0004ED0FFE704980168012045F21C42C5F654
:1033000002029142019043D0FFE704980168012036
:1033100045F23042C5F602029142019038D0FFE7F3
:1033200004980168012045F24442C5F60202914228
:1033300001902DD0FFE704980168012045F2584222
:10334000C5F602029142019022D0FFE7049801687D
:10335000012045F26C42C5F602029142019017D05D
:10336000FFE704980168012045F28042C5F6020299
:10337000914201900CD0FFE7049800684AF66C3146
:10338000CAF2FD710844B0FA80F040090190FFE7ED
:103390000198C00728B3FFE70498016E086820F47D
:1033A000807008600498806D03900498C06D00F0F0
:1033B0001F0101208840039948600498416E806E87
:1033C00048600498C06E58B1FFE70498C16E086861
:1033D00020F4807008600498016F406F4860FFE738
:1033E000FFE70499012081F83500FFE704990020E8
:1033F00081F83400FFE70498006D20B1FFE70498DE
:10340000016D8847FFE7FFE7FFE700208DF8170011
:10341000FFE79DF8170006B080BD00000000000027
:1034200080B590B00F9000200B9040F6C420C2F2FF
:103430000040006848F2B511C1F64E31A0FB011002
:10344000800A0A900F98806D09900F98806D0890FF
:10345000099800680E90089800680D900F98016810
:1034600001201022C4F202029142079000F0A380D2
:10347000FFE70F98016801202822C4F2020291425E
:10348000079000F09880FFE70F9801680120402224
:10349000C4F202029142079000F08D80FFE70F987E
:1034A000016801205822C4F202029142079000F004
:1034B0008280FFE70F98016801207022C4F20202A7
:1034C0009142079077D0FFE70F980168012088228A
:1034D000C4F20202914207906DD0FFE70F98016895
:1034E0000120A022C4F202029142079063D0FFE7BC
:1034F0000F9801680120B822C4F20202914207909D
:1035000059D0FFE70F980168012040F21042C4F241
:103510000202914207904ED0FFE70F980168012008
:1035200040F22842C4F202029142079043D0FFE7E2
:103530000F980168012040F24042C4F20202914219
:10354000079038D0FFE70F980168012040F25842F9
:10355000C4F20202914207902DD0FFE70F98016854
:10356000012040F27042C4F202029142079022D040
:10357000FFE70F980168012040F28842C4F202027E
:103580009142079017D0FFE70F980168012040F2A1
:10359000A042C4F20202914207900CD0FFE70F98BC
:1035A00000684FF64831CBF6FD710844B0FA80F060
:1035B00040090790FFE70798C007002800F013852F
:1035C000FFE70E980F99C96D01F01F01C840000771
:1035D000002840F1B080FFE70F9800681021C4F286
:1035E0000201884200F08180FFE70F9800682821DF
:1035F000C4F20201884278D0FFE70F9800684021AA
:10360000C4F20201884270D0FFE70F980068582189
:10361000C4F20201884268D0FFE70F980068702169
:10362000C4F20201884260D0FFE70F980068882149
:10363000C4F20201884258D0FFE70F980068A02129
:10364000C4F20201884250D0FFE70F980068B82109
:10365000C4F20201884248D0FFE70F98006840F2A8
:103660001041C4F2020188423FD0FFE70F98006882
:1036700040F22841C4F20201884236D0FFE70F9899
:10368000006840F24041C4F2020188422DD0FFE7B9
:103690000F98006840F25841C4F20201884224D0D9
:1036A000FFE70F98006840F27041C4F202018842BF
:1036B0001BD0FFE70F98006840F28841C4F2020176
:1036C000884212D0FFE70F98006840F2A041C4F290
:1036D0000201884209D0FFE70F98006840F2B84124
:1036E000C4F20201884207D1FFE70F980068006822
:1036F00000F00400069006E00F980068006800F0F3
:1037000008000690FFE70698A0B1FFE70F98016850
:10371000086820F0040008600F98C06D00F01F01D9
:1037200008208840099988600F99486D40F0010091
:103730004865FFE7FFE70E980F99C96D01F01F017B
:10374000C840C007002800F0A980FFE70F98006874
:103750001021C4F20201884200F08180FFE70F9837
:1037600000682821C4F20201884278D0FFE70F9850
:1037700000684021C4F20201884270D0FFE70F9830
:1037800000685821C4F20201884268D0FFE70F9810
:1037900000687021C4F20201884260D0FFE70F98F0
:1037A00000688821C4F20201884258D0FFE70F98D0
:1037B0000068A021C4F20201884250D0FFE70F98B0
:1037C0000068B821C4F20201884248D0FFE70F9890
:1037D000006840F21041C4F2020188423FD0FFE786
:1037E0000F98006840F22841C4F20201884236D0A6
:1037F000FFE70F98006840F24041C4F2020188429E
:103800002DD0FFE70F98006840F25841C4F2020142
:10381000884224D0FFE70F98006840F27041C4F25C
:10382000020188421BD0FFE70F98006840F28841F0
:10383000C4F20201884212D0FFE70F98006840F2FC
:10384000A041C4F20201884209D0FFE70F98006846
:1038500040F2B841C4F20201884207D1FFE70F9855
:103860000068406900F08000059005E00F9800684E
:10387000006800200590FFE7059870B1FFE70F98FA
:10388000C06D00F01F0101208840099988600F99E0
:10389000486D40F002004865FFE7FFE70E980F997A
:1038A000C96D01F01F01C8404007002840F1A98000
:1038B000FFE70F9800681021C4F20201884200F06F
:1038C0008180FFE70F9800682821C4F20201884236
:1038D00078D0FFE70F9800684021C4F202018842C7
:1038E00070D0FFE70F9800685821C4F202018842A7
:1038F00068D0FFE70F9800687021C4F20201884287
:1039000060D0FFE70F9800688821C4F20201884266
:1039100058D0FFE70F980068A021C4F20201884246
:1039200050D0FFE70F980068B821C4F20201884226
:1039300048D0FFE70F98006840F21041C4F202013E
:1039400088423FD0FFE70F98006840F22841C4F258
:103950000201884236D0FFE70F98006840F24041EC
:10396000C4F2020188422DD0FFE70F98006840F2B0
:103970005841C4F20201884224D0FFE70F98006842
:1039800040F27041C4F2020188421BD0FFE70F9859
:10399000006840F28841C4F20201884212D0FFE779
:1039A0000F98006840F2A041C4F20201884209D099
:1039B000FFE70F98006840F2B841C4F20201884264
:1039C00007D1FFE70F980068006800F0020004903C
:1039D00005E00F980068006800200490FFE7049855
:1039E00070B1FFE70F98C06D00F01F010420884000
:1039F000099988600F99486D40F004004865FFE719
:103A0000FFE70E980F99C96D01F01F01C840C0066D
:103A1000002840F1DE80FFE70F9800681021C4F213
:103A20000201884200F08180FFE70F98006828219A
:103A3000C4F20201884278D0FFE70F980068402165
:103A4000C4F20201884270D0FFE70F980068582145
:103A5000C4F20201884268D0FFE70F980068702125
:103A6000C4F20201884260D0FFE70F980068882105
:103A7000C4F20201884258D0FFE70F980068A021E5
:103A8000C4F20201884250D0FFE70F980068B821C5
:103A9000C4F20201884248D0FFE70F98006840F264
:103AA0001041C4F2020188423FD0FFE70F9800683E
:103AB00040F22841C4F20201884236D0FFE70F9855
:103AC000006840F24041C4F2020188422DD0FFE775
:103AD0000F98006840F25841C4F20201884224D095
:103AE000FFE70F98006840F27041C4F2020188427B
:103AF0001BD0FFE70F98006840F28841C4F2020132
:103B0000884212D0FFE70F98006840F2A041C4F24B
:103B10000201884209D0FFE70F98006840F2B841DF
:103B2000C4F20201884207D1FFE70F9800680068DD
:103B300000F00800039006E00F980068006800F0AD
:103B400004000390FFE70398002841D0FFE70F9897
:103B5000C06D00F01F0110208840099988600F98FF
:103B600000680068400300281AD5FFE70F98006836
:103B700000680003002809D4FFE70F98006C20B10B
:103B8000FFE70F98016C8847FFE708E00F98806C0B
:103B900020B1FFE70F98816C8847FFE7FFE716E049
:103BA0000F9800680068C005002807D4FFE70F9849
:103BB0000168086820F008000860FFE70F98006CB3
:103BC00020B1FFE70F98016C8847FFE7FFE7FFE7A9
:103BD000FFE70E980F99C96D01F01F01C8408006DC
:103BE000002840F12681FFE70F9800681021C4F2F9
:103BF0000201884200F08180FFE70F9800682821C9
:103C0000C4F20201884278D0FFE70F980068402193
:103C1000C4F20201884270D0FFE70F980068582173
:103C2000C4F20201884268D0FFE70F980068702153
:103C3000C4F20201884260D0FFE70F980068882133
:103C4000C4F20201884258D0FFE70F980068A02113
:103C5000C4F20201884250D0FFE70F980068B821F3
:103C6000C4F20201884248D0FFE70F98006840F292
:103C70001041C4F2020188423FD0FFE70F9800686C
:103C800040F22841C4F20201884236D0FFE70F9883
:103C9000006840F24041C4F2020188422DD0FFE7A3
:103CA0000F98006840F25841C4F20201884224D0C3
:103CB000FFE70F98006840F27041C4F202018842A9
:103CC0001BD0FFE70F98006840F28841C4F2020160
:103CD000884212D0FFE70F98006840F2A041C4F27A
:103CE0000201884209D0FFE70F98006840F2B8410E
:103CF000C4F20201884207D1FFE70F98006800680C
:103D000000F01000029006E00F980068006800F0D4
:103D100002000290FFE70298002800F08980FFE788
:103D20000F98C06D00F01F0120208840099988601D
:103D30000F9890F83500042837D1FFE70F980168F5
:103D4000086820F0160008600F980168486920F0A4
:103D5000800048610F98006C20B9FFE70F98806CD5
:103D600038B1FFE70F980168086820F00800086084
:103D7000FFE70F98C06D00F01F013F2088400999B0
:103D800088600F99012081F83500FFE70F99002026
:103D900081F83400FFE70F98006D20B1FFE70F981E
:103DA000016D8847FFE700F019BC0F9800680068B4
:103DB000400300281AD5FFE70F9800680068000349
:103DC000002809D4FFE70F98406C20B1FFE70F9857
:103DD000416C8847FFE708E00F98C06B20B1FFE710
:103DE0000F98C16B8847FFE7FFE720E00F98006856
:103DF0000068C005002811D4FFE70F980168086823
:103E000020F0100008600F99012081F83500FFE7CD
:103E10000F99002081F83400FFE7FFE70F98C06B8F
:103E200020B1FFE70F98C16B8847FFE7FFE7FFE787
:103E3000FFE70F98406D002800F0D480FFE70F984F
:103E4000406DC007002800F0C480FFE70F990420F0
:103E500081F835000F9800681021C4F202018842F1
:103E600000F08180FFE70F9800682821C4F202016A
:103E7000884278D0FFE70F9800684021C4F2020121
:103E8000884270D0FFE70F9800685821C4F2020101
:103E9000884268D0FFE70F9800687021C4F20201E1
:103EA000884260D0FFE70F9800688821C4F20201C1
:103EB000884258D0FFE70F980068A021C4F20201A1
:103EC000884250D0FFE70F980068B821C4F2020181
:103ED000884248D0FFE70F98006840F21041C4F2D2
:103EE000020188423FD0FFE70F98006840F2284166
:103EF000C4F20201884236D0FFE70F98006840F212
:103F00004041C4F2020188422DD0FFE70F980068BB
:103F100040F25841C4F20201884224D0FFE70F98D2
:103F2000006840F27041C4F2020188421BD0FFE7F2
:103F30000F98006840F28841C4F20201884212D012
:103F4000FFE70F98006840F2A041C4F202018842E6
:103F500009D0FFE70F98006840F2B841C4F20201AF
:103F6000884207D1FFE70F980168086820F0010038
:103F7000086006E00F980168086820F001000860FA
:103F8000FFE7FFE70B9801300B900A99884201D9AF
:103F9000FFE707E0FFE70F9800680068C007002808
:103FA000F0D1FFE70F9800680068C00728B1FFE76D
:103FB0000F99032081F8350004E00F99012081F862
:103FC0003500FFE7FFE70F99002081F83400FFE795
:103FD000FFE70F98C06C20B1FFE70F98C16C8847CE
:103FE000FFE7FFE7FAE20F980168012045F2084277
:103FF000C5F60202914201904ED0FFE70F9801688A
:10400000012045F21C42C5F602029142019043D0C4
:10401000FFE70F980168012045F23042C5F6020221
:104020009142019038D0FFE70F980168012045F2D6
:104030004442C5F60202914201902DD0FFE70F984D
:104040000168012045F25842C5F6020291420190F2
:1040500022D0FFE70F980168012045F26C42C5F6B7
:1040600002029142019017D0FFE70F9801680120EA
:1040700045F28042C5F60202914201900CD0FFE762
:104080000F9800684AF66C31CAF2FD710844B0FA24
:1040900080F040090190FFE70198C007002800F078
:1040A0009B82FFE70F98006800680C900D980F99AD
:1040B000C96D01F01F01C8404007002840F1D780BA
:1040C000FFE79DF830004007002840F1D080FFE76F
:1040D0000F98C06D00F01F010420884008994860C7
:1040E0009DF831000006002818D5FFE79DF8320042
:1040F000C00748B9FFE70F98806C20B1FFE70F9821
:10410000816C8847FFE708E00F98006C20B1FFE75B
:104110000F98016C8847FFE7FFE7A7E09DF83000A4
:104120008006002800F19980FFE70F9800681021B1
:10413000C4F20201884200F08180FFE70F98006816
:104140002821C4F20201884278D0FFE70F98006866
:104150004021C4F20201884270D0FFE70F98006846
:104160005821C4F20201884268D0FFE70F98006826
:104170007021C4F20201884260D0FFE70F98006806
:104180008821C4F20201884258D0FFE70F980068E6
:10419000A021C4F20201884250D0FFE70F980068C6
:1041A000B821C4F20201884248D0FFE70F980068A6
:1041B00040F21041C4F2020188423FD0FFE70F985D
:1041C000006840F22841C4F20201884236D0FFE77D
:1041D0000F98006840F24041C4F2020188422DD09D
:1041E000FFE70F98006840F25841C4F2020188428C
:1041F00024D0FFE70F98006840F27041C4F202013A
:1042000088421BD0FFE70F98006840F28841C4F253
:104210000201884212D0FFE70F98006840F2A041E7
:10422000C4F20201884209D0FFE70F98006840F20B
:10423000B841C4F20201884207D1FFE70F98016834
:10424000086820F00800086006E00F980168086818
:1042500020F004000860FFE7FFE70F98006C20B132
:10426000FFE70F98016C8847FFE7FFE7B3E10D9880
:104270000F99C96D01F01F01C8408007002840F167
:10428000E180FFE79DF830008007002840F1DA80E8
:10429000FFE70F98C06D00F01F01022088400899C9
:1042A00048609DF831000006002818D5FFE79DF80A
:1042B0003200C00748B9FFE70F98406C20B1FFE714
:1042C0000F98416C8847FFE708E00F98C06B20B15A
:1042D000FFE70F98C16B8847FFE7FFE7B1E09DF864
:1042E00030008006002800F1A380FFE70F980068E7
:1042F0001021C4F20201884200F08180FFE70F988C
:1043000000682821C4F20201884278D0FFE70F98A4
:1043100000684021C4F20201884270D0FFE70F9884
:1043200000685821C4F20201884268D0FFE70F9864
:1043300000687021C4F20201884260D0FFE70F9844
:1043400000688821C4F20201884258D0FFE70F9824
:104350000068A021C4F20201884250D0FFE70F9804
:104360000068B821C4F20201884248D0FFE70F98E4
:10437000006840F21041C4F2020188423FD0FFE7DA
:104380000F98006840F22841C4F20201884236D0FA
:10439000FFE70F98006840F24041C4F202018842F2
:1043A0002DD0FFE70F98006840F25841C4F2020197
:1043B000884224D0FFE70F98006840F27041C4F2B1
:1043C000020188421BD0FFE70F98006840F2884145
:1043D000C4F20201884212D0FFE70F98006840F251
:1043E000A041C4F20201884209D0FFE70F9800689B
:1043F00040F2B841C4F20201884207D1FFE70F98AA
:104400000168086820F01400086006E00F98016851
:10441000086820F00A000860FFE70F99012081F882
:104420003500FFE70F99002081F83400FFE7FFE730
:104430000F98C06B20B1FFE70F98C16B8847FFE76B
:10444000FFE7C7E00D980F99C96D01F01F01C84043
:104450000007002840F1BC80FFE79DF8300000070E
:10446000002840F1B580FFE70F9800681021C4F2E2
:104470000201884200F08180FFE70F980068282140
:10448000C4F20201884278D0FFE70F98006840210B
:10449000C4F20201884270D0FFE70F9800685821EB
:1044A000C4F20201884268D0FFE70F9800687021CB
:1044B000C4F20201884260D0FFE70F9800688821AB
:1044C000C4F20201884258D0FFE70F980068A0218B
:1044D000C4F20201884250D0FFE70F980068B8216B
:1044E000C4F20201884248D0FFE70F98006840F20A
:1044F0001041C4F2020188423FD0FFE70F980068E4
:1045000040F22841C4F20201884236D0FFE70F98FA
:10451000006840F24041C4F2020188422DD0FFE71A
:104520000F98006840F25841C4F20201884224D03A
:10453000FFE70F98006840F27041C4F20201884220
:104540001BD0FFE70F98006840F28841C4F20201D7
:10455000884212D0FFE70F98006840F2A041C4F2F1
:104560000201884209D0FFE70F98006840F2B84185
:10457000C4F20201884207D1FFE70F98016808687A
:1045800020F01C00086006E00F980168086820F021
:104590000E000860FFE70F98C06D00F01F010120BA
:1045A00000FA01F1089A51600F9948650F9981F856
:1045B0003500FFE70F99002081F83400FFE70F98DE
:1045C000C06C20B1FFE70F98C16C8847FFE700E09F
:1045D000FFE7FFE7FFE700E0FFE7FFE710B080BD80
:1045E00080B58EB00C9002F027FC0A900C9828B988
:1045F000FFE701208DF8370000F09FBC0C980168A0
:1046000001201022C4F202029142079000F0A38020
:10461000FFE70C98016801202822C4F202029142AF
:10462000079000F09880FFE70C9801680120402275
:10463000C4F202029142079000F08D80FFE70C98CF
:10464000016801205822C4F202029142079000F052
:104650008280FFE70C98016801207022C4F20202F8
:104660009142079077D0FFE70C98016801208822DB
:10467000C4F20202914207906DD0FFE70C980168E6
:104680000120A022C4F202029142079063D0FFE70A
:104690000C9801680120B822C4F2020291420790EE
:1046A00059D0FFE70C980168012040F21042C4F293
:1046B0000202914207904ED0FFE70C98016801205A
:1046C00040F22842C4F202029142079043D0FFE731
:1046D0000C980168012040F24042C4F2020291426B
:1046E000079038D0FFE70C980168012040F258424B
:1046F000C4F20202914207902DD0FFE70C980168A6
:10470000012040F27042C4F202029142079022D08E
:10471000FFE70C980168012040F28842C4F20202CF
:104720009142079017D0FFE70C980168012040F2F2
:10473000A042C4F20202914207900CD0FFE70C980D
:1047400000684FF64831CBF6FD710844B0FA80F0AE
:1047500040090790FFE70798C007002800F078811C
:10476000FFE70C98406A08B1FFE7FFE70C990220C9
:1047700081F83500FFE70C99002081F83400FFE74D
:104780000C9800681021C4F20201884200F0818078
:10479000FFE70C9800682821C4F20201884278D013
:1047A000FFE70C9800684021C4F20201884270D0F3
:1047B000FFE70C9800685821C4F20201884268D0D3
:1047C000FFE70C9800687021C4F20201884260D0B3
:1047D000FFE70C9800688821C4F20201884258D093
:1047E000FFE70C980068A021C4F20201884250D073
:1047F000FFE70C980068B821C4F20201884248D053
:10480000FFE70C98006840F21041C4F202018842B0
:104810003FD0FFE70C98006840F22841C4F2020143
:10482000884236D0FFE70C98006840F24041C4F25D
:10483000020188422DD0FFE70C98006840F25841F1
:10484000C4F20201884224D0FFE70C98006840F2CD
:104850007041C4F2020188421BD0FFE70C98006847
:1048600040F28841C4F20201884212D0FFE70C985E
:10487000006840F2A041C4F20201884209D0FFE77B
:104880000C98006840F2B841C4F20201884207D196
:10489000FFE70C980168086820F00100086006E056
:1048A0000C980168086820F001000860FFE7FFE746
:1048B0000C9800680068C00798B1FFE702F0BCFAE6
:1048C0000A99401A06280BD3FFE70C992020486567
:1048D0000C99032081F8350001208DF837002CE376
:1048E000E6E70C98006800680B900B9848F23F01CF
:1048F000CFF6106108400B900C998868D1F80CC075
:104900000B694A6940EA0C00184310438A69104356
:10491000CA691043096A01430B9808430B900C982D
:10492000406A042808D1FFE70C99C86A096B014363
:104930000B9808430B90FFE70C984068292807D391
:10494000FFE70C98416801202F29069036D3FFE736
:104950000C9840683F2807D3FFE70C984168012076
:10496000432906902AD3FFE70C984068472807D3CD
:10497000FFE70C9841680120492906901ED3FFE704
:104980000C9840684F2807D3FFE70C984168012036
:104990005329069012D3FFE70C9841680020742930
:1049A000059008D3FFE70C9841680020782938BFAC
:1049B00001200590FFE705980690FFE70698C007DD
:1049C00028B1FFE70B9840F480100B90FFE70B989D
:1049D0000C99096808600C98006840690B900B9866
:1049E00020F007000B900C98416A0B9808430B903D
:1049F0000C98406A04281AD1FFE70C98816A0B983A
:104A000008430B900C98C06A80B1FFE70C98FCF744
:104A1000FFFD50B1FFE70C99402048650C9901203B
:104A200081F835008DF8370087E2FFE7FFE70B9844
:104A30000C99096848610C98FCF7AEFB09900C983A
:104A4000C06D00F01F013F2088400999886027E170
:104A50000C980168012045F20842C5F60202914215
:104A600004904ED0FFE70C980168012045F21C42EB
:104A7000C5F602029142049043D0FFE70C9801680A
:104A8000012045F23042C5F602029142049038D02E
:104A9000FFE70C980168012045F24442C5F6020286
:104AA000914204902DD0FFE70C980168012045F257
:104AB0005842C5F602029142049022D0FFE70C98BA
:104AC0000168012045F26C42C5F602029142049051
:104AD00017D0FFE70C980168012045F28042C5F627
:104AE0000202914204900CD0FFE70C9800684AF64D
:104AF0006C31CAF2FD710844B0FA80F040090490AC
:104B0000FFE70498C007002800F0BE80FFE70C987C
:104B10000168012045F20842C5F602029142039065
:104B20004ED0FFE70C980168012045F21C42C5F603
:104B300002029142039043D0FFE70C9801680120E4
:104B400045F23042C5F602029142039038D0FFE7A9
:104B50000C980168012045F24442C5F602029142D8
:104B600003902DD0FFE70C980168012045F25842D0
:104B7000C5F602029142039022D0FFE70C9801682B
:104B8000012045F26C42C5F602029142039017D013
:104B9000FFE70C980168012045F28042C5F6020249
:104BA000914203900CD0FFE70C9800684AF66C31F4
:104BB000CAF2FD710844B0FA80F040090390FFE7A3
:104BC0000398C00708B1FFE7FFE70C99022081F8BE
:104BD0003500FFE70C99002081F83400FFE70C98BE
:104BE000006800680B900B986FF310100B900C98F6
:104BF0008068402803D1FFE71020029008E00C985D
:104C000080688038B0FA80F0400980030290FFE7A6
:104C100002980C99D1F80CE0D1F810C04B698A6960
:104C200040EADE0040EADC0040EAD30040EAD2007D
:104C3000CA6940EAD200096A40EA11110B98084398
:104C40000B900B980C99096808600C9908684AF653
:104C5000F832CAF2FD7210444CF6CD42CCF6CC428A
:104C6000A0FB02026FF0030000EA9200C8650C98F6
:104C7000FCF792FA08900C98C06D00F01F0101201B
:104C80008840089948600AE00C99402048650C99D2
:104C9000032081F8350001208DF837004DE1FFE752
:104CA0000C98016801201022C4F202029142019086
:104CB00000F00381FFE70C98016801202822C4F26C
:104CC00002029142019000F0F880FFE70C98016821
:104CD00001204022C4F202029142019000F0ED80D6
:104CE000FFE70C98016801205822C4F202029142A9
:104CF000019000F0E280FFE70C980168012070222B
:104D0000C4F202029142019000F0D780FFE70C98B4
:104D1000016801208822C4F202029142019000F051
:104D2000CC80FFE70C9801680120A022C4F20202A7
:104D30009142019000F0C180FFE70C9801680120CA
:104D4000B822C4F202029142019000F0B680FFE75F
:104D50000C980168012040F21042C4F20202914214
:104D6000019000F0AA80FFE70C980168012040F252
:104D70002842C4F202029142019000F09E80FFE7B7
:104D80000C980168012040F24042C4F202029142B4
:104D9000019000F09280FFE70C980168012040F23A
:104DA0005842C4F202029142019000F08680FFE76F
:104DB0000C980168012040F27042C4F20202914254
:104DC00001907AD0FFE70C980168012040F28842F8
:104DD000C4F20202914201906FD0FFE70C98016883
:104DE000012040F2A042C4F202029142019064D03C
:104DF000FFE70C980168012040F2B842C4F20202B9
:104E00009142019059D0FFE70C980168012045F2CA
:104E10000842C5F60202914201904ED0FFE70C987D
:104E20000168012045F21C42C5F602029142019040
:104E300043D0FFE70C980168012045F23042C5F6E7
:104E400002029142019038D0FFE70C9801680120DE
:104E500045F24442C5F60202914201902DD0FFE78F
:104E60000C980168012045F25842C5F602029142B1
:104E7000019022D0FFE70C980168012045F26C42B6
:104E8000C5F602029142019017D0FFE70C98016825
:104E9000012045F28042C5F60202914201900CD0F9
:104EA000FFE70C9800684AF66C31CAF2FD710844BD
:104EB000B0FA80F040090190FFE70198C00790B375
:104EC000FFE70C98FCF750FA0C988068802804D112
:104ED000FFE70C9900204860FFE70C990879096EFC
:104EE00008600C98416E806E48600C98406888B1EC
:104EF000FFE70C98406808280CD8FFE70C98FCF7EF
:104F0000EFFA0C98C16E002008600C98016F406F9A
:104F1000486007E00C990020C8660C9908670C9956
:104F20004867FFE7FFE70C99002048650C9A0121CC
:104F300082F835108DF83700FFE79DF837000EB086
:104F400080BD00000000000080B588B0069005918B
:104F50000492039300208DF80B00069820B9FFE718
:104F600001208DF81F006CE3FFE7069890F83400ED
:104F7000012804D1FFE702208DF81F0061E30699A4
:104F8000012081F83400FFE7FFE7069890F835002C
:104F9000012840F04383FFE70699022081F835009D
:104FA000069900204865069800681021C4F20201A5
:104FB000884200F08180FFE7069800682821C4F24B
:104FC0000201884278D0FFE7069800684021C4F2C9
:104FD0000201884270D0FFE7069800685821C4F2A9
:104FE0000201884268D0FFE7069800687021C4F289
:104FF0000201884260D0FFE7069800688821C4F269
:105000000201884258D0FFE706980068A021C4F248
:105010000201884250D0FFE706980068B821C4F228
:105020000201884248D0FFE70698006840F210412C
:10503000C4F2020188423FD0FFE70698006840F2C0
:105040002841C4F20201884236D0FFE70698006882
:1050500040F24041C4F2020188422DD0FFE7069899
:10506000006840F25841C4F20201884224D0FFE7B0
:105070000698006840F27041C4F2020188421BD0D9
:10508000FFE70698006840F28841C4F202018842B6
:1050900012D0FFE70698006840F2A041C4F2020176
:1050A000884209D0FFE70698006840F2B841C4F290
:1050B0000201884207D1FFE706980168086820F0DE
:1050C0000100086006E006980168086820F0010009
:1050D0000860FFE706980599049A039BFCF710FB0C
:1050E0000698016801201022C4F202029142019048
:1050F00000F0A380FFE70698016801202822C4F28F
:1051000002029142019000F09880FFE70698016842
:1051100001204022C4F202029142019000F08D80F1
:10512000FFE70698016801205822C4F2020291426A
:10513000019000F08280FFE706980168012070224C
:10514000C4F202029142019077D0FFE7069801680D
:1051500001208822C4F20202914201906DD0FFE743
:10516000069801680120A022C4F202029142019037
:1051700063D0FFE7069801680120B822C4F202025A
:105180009142019059D0FFE706980168012040F252
:105190001042C4F20202914201904ED0FFE70698FD
:1051A0000168012040F22842C4F2020291420190BB
:1051B00043D0FFE706980168012040F24042C4F264
:1051C00002029142019038D0FFE706980168012061
:1051D00040F25842C4F20202914201902DD0FFE702
:1051E00006980168012040F27042C4F20202914226
:1051F000019022D0FFE706980168012040F2884222
:10520000C4F202029142019017D0FFE706980168AC
:10521000012040F2A042C4F20202914201900CD05F
:10522000FFE7069800684FF64831CBF6FD71084459
:10523000B0FA80F040090190FFE70198C007A8B1DB
:10524000FFE70698006800680B2161F344000699A7
:10525000096808600698006C38B1FFE70698016895
:10526000086840F008000860FFE714E0069800684E
:105270000068052161F343000699096808600698F3
:10528000006C38B1FFE706980168086840F0040038
:105290000860FFE7FFE70698016801201022C4F2CA
:1052A00002029142009000F00381FFE70698016836
:1052B00001202822C4F202029142009000F0F880FE
:1052C000FFE70698016801204022C4F202029142E1
:1052D000009000F0ED80FFE7069801680120582259
:1052E000C4F202029142009000F0E280FFE70698CB
:1052F000016801207022C4F202029142009000F085
:10530000D780FFE70698016801208822C4F20202D4
:105310009142009000F0CC80FFE7069801680120E0
:10532000A022C4F202029142009000F0C180FFE787
:10533000069801680120B822C4F20202914200904E
:1053400000F0B680FFE706980168012040F21042A5
:10535000C4F202029142009000F0AA80FFE7069892
:105360000168012040F22842C4F2020291420090FA
:1053700000F09E80FFE706980168012040F240425D
:10538000C4F202029142009000F09280FFE706987A
:105390000168012040F25842C4F20202914200909A
:1053A00000F08680FFE706980168012040F2704215
:1053B000C4F20202914200907AD0FFE70698016899
:1053C000012040F28842C4F20202914200906FD064
:1053D000FFE706980168012040F2A042C4F20202F1
:1053E0009142009064D0FFE706980168012040F2E6
:1053F000B842C4F202029142009059D0FFE70698E9
:105400000168012045F20842C5F60202914200906F
:105410004ED0FFE706980168012045F21C42C5F610
:1054200002029142009043D0FFE7069801680120F4
:1054300045F23042C5F602029142009038D0FFE7B3
:1054400006980168012045F24442C5F602029142E5
:1054500000902DD0FFE706980168012045F25842E0
:10546000C5F602029142009022D0FFE7069801683B
:10547000012045F26C42C5F602029142009017D01D
:10548000FFE706980168012045F28042C5F6020256
:10549000914200900CD0FFE7069800684AF66C3104
:1054A000CAF2FD710844B0FA80F040090090FFE7AD
:1054B0000098C007D0B1FFE70698006E0068C003EF
:1054C000002807D5FFE70698016E086840F4807051
:1054D0000860FFE70698C06E38B1FFE70698C16E16
:1054E000086840F480700860FFE7FFE706980068EE
:1054F0001021C4F20201884200F08180FFE7069883
:1055000000682821C4F20201884278D0FFE706989B
:1055100000684021C4F20201884270D0FFE706987B
:1055200000685821C4F20201884268D0FFE706985B
:1055300000687021C4F20201884260D0FFE706983B
:1055400000688821C4F20201884258D0FFE706981B
:105550000068A021C4F20201884250D0FFE70698FB
:105560000068B821C4F20201884248D0FFE70698DB
:10557000006840F21041C4F2020188423FD0FFE7C8
:105580000698006840F22841C4F20201884236D0F1
:10559000FFE70698006840F24041C4F202018842E9
:1055A0002DD0FFE70698006840F25841C4F202018E
:1055B000884224D0FFE70698006840F27041C4F2A8
:1055C000020188421BD0FFE70698006840F288413C
:1055D000C4F20201884212D0FFE70698006840F248
:1055E000A041C4F20201884209D0FFE70698006892
:1055F00040F2B841C4F20201884207D1FFE70698A1
:105600000168086840F00100086006E0069801683B
:10561000086840F001000860FFE70DE006994FF4CC
:1056200000604865FFE70699002081F83400FFE735
:1056300001208DF80B00FFE79DF80B008DF81F008F
:10564000FFE79DF81F0008B080BD000000000000CB
:1056500080B584B0039001F0EFFB029003980190B5
:105660000198013048B1FFE740F6D030C2F2004067
:105670000178019808440190FFE7FFE701F0DCFBA7
:105680000299401A0199884201D2FFE7F6E704B077
:1056900080BD00000000000085B0039002910192DF
:1056A000039890F898008DF803009DF803000128F6
:1056B00005D0FFE79DF8030002285DD1FFE70298BF
:1056C00003990968896D084207D1FFE703980168CB
:1056D000C86D40F00100C86515E00298039909689B
:1056E000896D08400299884207D1FFE70398016855
:1056F000C86D40F00200C86504E00398016803200B
:10570000C865FFE7FFE79DF809008007002809D575
:10571000FFE7019A03980168D1F8E0001043C1F84F
:10572000E000FFE79DF809004007002809D5FFE7E2
:10573000019A03980168D1F8E4001043C1F8E4002D
:10574000FFE7FFE702984FF6FF71C3F6CF7100EA5B
:10575000010203980168486D10434865029A4AF6B1
:105760001401C4F20001086840EA92700860FFE783
:1057700000208DF813000AE00399D1F89C0040F056
:105780000200C1F89C0001208DF81300FFE79DF88E
:10579000130005B07047000082B00190009102B084
:1057A000704700000000000087B005900491059844
:1057B00090F898008DF803009DF80300012805D0AB
:1057C000FFE79DF8030002286AD1FFE70498C0684C
:1057D000072801D1FFE7FFE70498006878BBFFE7DF
:1057E0000498C068072801D0FFE7FFE70498C06865
:1057F00007280CD1FFE7049A10699169D269000467
:1058000040EA0220084340F0605003900CE0049905
:105810008868CB680A694969800740EAC36040EA42
:10582000024008430390FFE70598C06E0499496859
:1058300000EB810001900398019908602CE0049826
:10584000C068072801D0FFE7FFE70498C168006936
:1058500040EA417003900498C068072804D1FFE72C
:1058600004988069029006E004988168406940EAE3
:1058700081700290FFE70598006F0499496800EB7A
:10588000C1000190039801990860019804300190CB
:10589000029801990860FFE700208DF81B000AE0DC
:1058A0000599D1F89C0040F00200C1F89C0001204D
:1058B0008DF81B00FFE79DF81B0007B07047000044
:1058C00085B0DDF814C00390029101920093039813
:1058D00090F89800012812D1FFE702980001019981
:1058E00040EA8100009940EA410005990843039984
:1058F0000968C1F8800000208DF813000AE00399C0
:10590000D1F89C0040F00400C1F89C0001208DF803
:105910001300FFE79DF8130005B07047000000007A
:1059200081B0009001B0704782B00190009102B048
:1059300070470000000000008AB0089007910692AE
:10594000059300200190089890F898008DF80300C6
:105950009DF80300022840F05E81FFE70798402889
:1059600052D1FFE708980068D0F8A00010F4FE0FAD
:105970000BD1FFE70899D1F89C0040F02000C1F856
:105980009C0001208DF8270050E108980068D0F8AD
:10599000A400400658B9FFE70899D1F89C0040F4EC
:1059A0008070C1F89C0001208DF827003EE1089826
:1059B0000068D0F8A40000F080710120B0EB116FF6
:1059C0000ED1FFE708980068D0F8A0104FF0004013
:1059D000B0EBD17F03D1FFE701200190FFE7FFE7A4
:1059E00008980068D0F8A40000F47C51019800EBFE
:1059F000112001900898426C406F0199514300EBCF
:105A000081000490FFE771E00798412852D1FFE739
:105A100008980068D0F8B00010F4FE0F0BD1FFE733
:105A20000899D1F89C0040F02000C1F89C000120AA
:105A30008DF82700FAE008980068D0F8B400400616
:105A400058B9FFE70899D1F89C0040F48070C1F87C
:105A50009C0001208DF82700E8E008980068D0F845
:105A6000B40000F080710120B0EB116F0ED1FFE7A0
:105A700008980068D0F8B0104FF00040B0EBD17F2C
:105A800003D1FFE701200190FFE7FFE708980068D6
:105A9000D0F8B40000F47C51019800EB1120019083
:105AA0000898C26C806F0199514300EB810004900B
:105AB000FFE71AE007980899096D88420BD3FFE7C2
:105AC0000899D1F89C0040F02000C1F89C0001200A
:105AD0008DF82700AAE00898426DC06F07995143DE
:105AE00000EB81000490FFE7FFE7FFE70498006800
:105AF00000F08040069948600698406838B9FFE792
:105B000004980068C0F38A400699086006E004988B
:105B1000006820F0604006990860FFE7049800687C
:105B200000F00050069988600498006800F000407A
:105B30000699086104980430049004980088069936
:105B4000C8610498006800F470200699C860049841
:105B5000006800F48010069948610498006800F419
:105B600000100699886104980068C0F306600699E1
:105B7000086204980068C00F0699486204980430CF
:105B800004900498039000200290FFE70298069981
:105B9000CA8948F26421C0F60101895C88420AD2B0
:105BA000FFE70398029A805C05998854FFE7029802
:105BB00001300290EAE70798402806D1FFE70198F4
:105BC00008990968C1F8A80021E00798412806D182
:105BD000FFE7019808990968C1F8B80016E007982E
:105BE0001F2808D8FFE7079901208840089909680D
:105BF000C1F8980009E0079800F01F0101208840D3
:105C000008990968C1F89C00FFE7FFE7FFE700205B
:105C10008DF827000AE00899D1F89C0040F00800B0
:105C2000C1F89C0001208DF82700FFE79DF82700B0
:105C30000AB070470000000081B0009001B07047CA
:105C400080B594B013904AF61000C4F200000068CA
:105C5000800712904AF61400C4F2000001681298FE
:105C600000EA8170129013980068006D00F4704093
:105C7000119013980068416D119808401190139885
:105C80000068006D00F00F00109013980068416DDF
:105C900010980840109013980068006D00F0F00014
:105CA0000F9013980068416D0F9808400F9013985B
:105CB0000068006D00F071500E9013980068416DFF
:105CC0000E9808400E9013980068006D00F0607008
:105CD0000D9013980068416D0D9808400D90139831
:105CE0000068406D039013980068006D01909DF866
:105CF0000D00C007B8B1FFE79DF80500C00788B1E7
:105D0000FFE7FFE7139801684FF4807008654AF6D3
:105D10001001C4F2000100200860FFE71398FFF7AC
:105D20008BFFFFE7FFE79DF80D0000F00401002066
:105D3000B0EB910F28D0FFE79DF8050000F00401BB
:105D40000020B0EB910F1ED0FFE713980068D0F849
:105D5000DC000B9013980068D0F8E4100B98084012
:105D60000B90FFE7139801684FF4806008654AF6CE
:105D70001001C4F2000100200860FFE713980B999E
:105D800000F03AFEFFE7FFE71298B8B1FFE7FFE740
:105D900012984FF6FF71C3F6CF7108401399096846
:105DA00008651298800F4AF61001C4F200010860DD
:105DB000FFE713981299FFF7EFFCFFE71198B8B1CE
:105DC000FFE7FFE711984FF6FF71C3F6CF71084068
:105DD0001399096808651198800F4AF61001C4F2FA
:105DE00000010860FFE71398119900F015FEFFE726
:105DF0001098B8B1FFE7FFE710984FF6FF71C3F6B0
:105E0000CF7108401399096808651098800F4AF609
:105E10001001C4F200010860FFE71398109900F028
:105E200027FDFFE70F98B8B1FFE7FFE70F984FF6A0
:105E3000FF71C3F6CF7108401399096808650F9880
:105E4000800F4AF61001C4F200010860FFE71398C2
:105E50000F9900F055FDFFE79DF80D0000F00801D7
:105E60000020B0EBD10F1BD0FFE79DF8050000F03C
:105E700008010020B0EBD10F11D0FFE7FFE7139826
:105E800001684FF4006008654AF61001C4F2000191
:105E900000200860FFE7139800F0C6FDFFE7FFE76A
:105EA0009DF80D0000F002010020B0EB510F28D04A
:105EB000FFE79DF8050000F002010020B0EB510F54
:105EC0001ED0FFE713980068D0F8D8000C90139804
:105ED0000068D0F8E0100C9808400C90FFE7139889
:105EE00001684FF4007008654AF61001C4F2000121
:105EF00000200860FFE713980C9900F085FDFFE78C
:105F0000FFE79DF80E0000F008010020B0EBD10F74
:105F10001BD0FFE79DF8060000F008010020B0EB61
:105F2000D10F11D0FFE7FFE7139801684FF400206D
:105F300008654AF61001C4F2000100200860FFE77E
:105F4000139800F091FCFFE7FFE79DF80E00C007F3
:105F5000B8B1FFE79DF80600C00788B1FFE7FFE78B
:105F6000139801684FF4803008654AF61001C4F2B6
:105F7000000100200860FFE7139800F039FDFFE7FB
:105F8000FFE79DF80E0000F004010020B0EB910F38
:105F90001BD0FFE79DF8060000F004010020B0EBE5
:105FA000910F11D0FFE7FFE7139801684FF48020AD
:105FB00008654AF61001C4F2000100200860FFE7FE
:105FC000139800F011FDFFE7FFE79DF80E0000F0C9
:105FD00002010020B0EB510F1FD0FFE79DF8060033
:105FE00000F002010020B0EB510F15D0FFE7FFE7F2
:105FF000139801684FF4003008654AF61001C4F2A6
:10600000000100200860FFE71399D1F89C0040F0E0
:106010008000C1F89C00FFE7FFE70D98B8B1FFE7EB
:10602000FFE70D984FF6FF71C3F6CF710840139943
:10603000096808650D98800F4AF61001C4F2000146
:106040000860FFE713980D99FFF76EFCFFE70E98C5
:10605000D0B1FFE7FFE70E984FF6FF71C3F6CF719F
:1060600008401399096808650E98800F4AF61001D8
:10607000C4F200010860FFE70E9A1399D1F89C0062
:106080001043C1F89C00FFE7139800684AF2000132
:10609000C4F20001884240F0B980FFE713984068DD
:1060A00080688007002800F0B080FFE71398406800
:1060B000006A00F00F000A9013984068416A0A983D
:1060C00008400A9013984068006A00F03000099078
:1060D00013984068416A09980840099013984068ED
:1060E000006A00F4C070089013984068416A0898EC
:1060F0000840089013984068006A00F4FC4007903C
:1061000013984068416A07980840079013984068C0
:10611000006A00F4F020069013984068416A0698DF
:106120000840069013984068406A029013984068AF
:10613000006A00900A9848B1FFE70A9813994968E5
:10614000086213980A9900F037FCFFE7099848B1F4
:10615000FFE709981399496808621398099900F0B4
:106160003BFCFFE79DF8080000F040010020B0EB89
:10617000911F1FD0FFE79DF8000000F040010020B4
:10618000B0EB911F15D0FFE713984068C06B000C6F
:10619000059013984068C06B00F03F00049013987E
:1061A00041684020086213980599049A00F00CFC9D
:1061B000FFE7FFE7089848B1FFE708981399496897
:1061C00008621398089900F0EFFBFFE7079860B1A9
:1061D000FFE70798139949680862079A1399D1F85D
:1061E0009C001043C1F89C00FFE7069860B1FFE7F0
:1061F0000698139949680862069A1399D1F89C0089
:106200001043C1F89C00FFE7FFE7FFE71398D0F8C1
:106210009C0020B1FFE71398FFF782FBFFE714B063
:1062200080BD00000000000080B598B0169048F2D4
:10623000CC11C0F6010101A84C22FAF794F8169887
:1062400020B9FFE701208DF85F00D9E116980068BA
:106250004AF20001C4F20001884206D1FFE7169914
:10626000086800F580704860FFE716988068B0F510
:10627000407F01D1FFE7FFE71698006C08B1FFE708
:10628000FFE71698806C08B1FFE7FFE71698006DEE
:1062900008B1FFE7FFE71698006E08B1FFE7FFE7D8
:1062A0001699C86D096E084408B1FFE7FFE7169814
:1062B00090F8980040B9FFE71699002081F89900FE
:1062C000169800F0A1F9FFE716980168886920F098
:1062D0001000886100F0B0FD1590FFE71698006887
:1062E00080690007002817D5FFE700F0A5FD159984
:1062F000401A0B280FD3FFE71699D1F89C0040F005
:106300000100C1F89C001699032081F89800012033
:106310008DF85F0074E1E1E716980168886940F044
:106320000100886100F088FD1590FFE7169800686D
:106330008069C007B8B9FFE700F07EFD1599401AE3
:106340000B280FD3FFE71699D1F89C0040F001000D
:10635000C1F89C001699032081F8980001208DF85F
:106360005F004DE1E2E716980168886940F002009D
:1063700088611698007C012807D1FFE7169801680C
:10638000886920F04000886106E0169801688869F5
:1063900040F040008861FFE71698407C012807D153
:1063A000FFE716980168886940F48040886106E03C
:1063B00016980168886920F480408861FFE7169884
:1063C000807C012807D1FFE716980168886920F4CE
:1063D0008050886106E016980168886940F4805012
:1063E0008861FFE716980068806920F44070169A6B
:1063F000116892681043886116980168886920F0D6
:10640000A400886116980168086920F010000861EE
:106410001698C068012807D1FFE7169801688869B7
:1064200040F0040088612BE01698C06830B3FFE7A5
:106430001698C068022819D0FFE716980168886985
:1064400040F08000886116980168086940F01000EB
:1064500008611698C068032807D1FFE716980168FD
:10646000886940F020008861FFE706E0169801681F
:10647000886940F020008861FFE700E0FFE7FFE760
:10648000169A116853699069D2F81CE0A0F1010CCA
:106490006FF0FF0000EB0E2040EA4C60126A013AF8
:1064A00010430022CFF6FF7202EB03421043C86193
:1064B00016988068B0F5407F1CD1FFE7169A1168E6
:1064C000536A906AD2F82CE001386FF0FF0C0CEBA5
:1064D0000E2C40EA0C00D2F830C06FF00F0202EB35
:1064E0000C1210430022CFF6FF7202EB034210435E
:1064F000C860FFE71698006E48B1FFE7169801687C
:10650000426ED1F8C0001043C1F8C000FFE71699F1
:10651000C86D096E084480B1FFE716980068D0F88E
:10652000C80020F00700169A1168936E01AA52F86D
:1065300023201043C1F8C800FFE71698006C80B113
:10654000FFE716980068D0F8BC0020F00700169A04
:106550001168536C01AA52F823201043C1F8BC0003
:10656000FFE71698806C88B1FFE716980068D0F8AE
:10657000BC0020F07000169A1168D36C01AA52F882
:10658000232040EA0210C1F8BC00FFE71698006D16
:1065900088B1FFE716980068D0F8BC0020F4E060EE
:1065A000169A1168536D01AA52F8232040EA02207E
:1065B000C1F8BC00FFE7169800684AF20001C4F277
:1065C0000001884207D1FFE716984168886820F0EB
:1065D00003008860FFE716990020C1F8940016991F
:1065E000C1F89C001699012081F898001698FBF7D5
:1065F0003BFD8DF853009DF853008DF85F00FFE7D9
:106600009DF85F0018B080BD80B5C2B041900020F9
:1066100040903F903E903D903C900EA8B821F9F7F5
:10662000BBFE419800684AF20001C4F200018842B2
:1066300055D1FFE700200F904FF400400E904FF02F
:10664000805029900EA802F023FA18B1FFE7FBF75B
:106650001FFCFFE740F68840C2F2004001680131AC
:1066600001600068012810D1FFE7FFE744F2EC4029
:10667000C5F60200016841F480710160006800F411
:1066800080700D900D98FFE7FFE7FFE744F2E040D0
:10669000C5F60200016841F008010160006800F0E1
:1066A00008000C900C98FFE703203C9002203D90DE
:1066B000002006903E903F900920409040F6004018
:1066C000C5F602003CA900F0B3F9069A1320079022
:1066D000062100F09DFC079800F08EFCBFE0419879
:1066E00000684AF20041C4F20001884255D1FFE738
:1066F00000200F904FF400400E904FF080502990F2
:106700000EA802F0C5F918B1FFE7FBF7C1FBFFE7E0
:1067100040F68840C2F20040016801310160006823
:10672000012810D1FFE7FFE744F2EC40C5F6020074
:10673000016841F480710160006800F480700B9082
:106740000B98FFE7FFE7FFE744F2E040C5F60200E1
:10675000016841F002010160006800F002000A9047
:106760000A98FFE760203C9002203D9000200490B2
:106770003E903F900920409040F20040C5F6020054
:106780003CA900F055F9049A14200590052100F069
:106790003FFC059800F030FC60E0419800684DF245
:1067A0000041C4F20001884257D1FFE700200F905A
:1067B0004FF400400E904FF0805029900EA802F048
:1067C00067F918B1FFE7FBF763FBFFE740F6884086
:1067D000C2F200400168013101600068012810D157
:1067E000FFE7FFE744F2EC40C5F60200016841F420
:1067F00080710160006800F4807009900998FFE7DB
:10680000FFE7FFE744F2E040C5F60200016841F00F
:1068100008010160006800F0080008900898FFE790
:106820004FF440503C9002203D90002002903E905A
:106830003F9005200190409040F60040C5F60200D0
:106840003CA900F0F5F80199029A9F20039000F00E
:10685000DFFB039800F0D0FBFFE7FFE7FFE742B064
:1068600080BD00000000000081B0009001B07047C2
:1068700080B586B0059004919DF81000C007E0B384
:10688000FFE7059800684AF20001C4F2000188425F
:1068900014D1FFE742F2D810C2F200400390402129
:1068A0000291F9F779FD0299039B059840F6C042E1
:1068B000C2F20042FFF740F8FFE71DE005980068CC
:1068C0004DF20041C4F20001884214D1FFE742F2C8
:1068D0005820C2F20040019040210091F9F75CFD80
:1068E0000099019B059840F61052C2F20042FFF752
:1068F00023F8FFE7FFE7FFE7FFE706B080BD0000F2
:1069000080B584B0039002919DF80800C00600286D
:106910001DD5FFE7039800684AF20041C4F2000168
:10692000884213D1FFE742F21820C2F200400190E2
:106930004021F9F731FD019B039840F6E842C2F28D
:1069400000424121FEF7F8FFFFE7FFE7FFE704B051
:1069500080BD00000000000082B00090009890F818
:106960009800012811D1FFE70099022081F89800D2
:1069700000980168886920F0010088610099002072
:10698000C1F89C008DF807000AE00099D1F89C003E
:1069900040F00400C1F89C0001208DF80700FFE7DB
:1069A0009DF8070002B0704782B00190009102B0DC
:1069B000704700000000000082B00190009102B01A
:1069C000704700000000000083B002900191009227
:1069D00003B070470000000082B00190009102B047
:1069E000704700000000000081B0009001B07047C7
:1069F00081B0009001B0704782B00190009102B068
:106A0000704700000000000082B00190009102B0C9
:106A1000704700000000000082B00190009102B0B9
:106A2000704700000000000081B0009001B0704786
:106A30008FB00E900D9100200C908020C5F60000C4
:106A40000990FFE70D9800680C99C840002800F0F5
:106A5000C181FFE70D9800680C9A01219140084020
:106A60000B900B98002800F0B181FFE70D9840686B
:106A700000F00300012807D0FFE70D98406800F000
:106A8000030002282FD1FFE70E9880680A900C9827
:106A90004100032000FA01F10A9888430A900D98FA
:106AA000C0680C99490000FA01F10A9808430A905D
:106AB0000A980E9988600E9840680A900C990120F7
:106AC00000FA01F10A9888430A900D984068C0F3D3
:106AD00000100C9900FA01F10A9808430A900A98EC
:106AE0000E994860FFE70D98406800F00300032806
:106AF00018D0FFE70E98C0680A900C984100032058
:106B000000FA01F10A9888430A900D9880680C9960
:106B1000490000FA01F10A9808430A900A980E9970
:106B2000C860FFE70D98406800F00300022826D1F6
:106B3000FFE70E980C996FF0030202EA5101084436
:106B4000006A0A900C9800F0070081000F2000FAFC
:106B500001F10A9888430A900D9800690C9901F098
:106B60000701890000FA01F10A9808430A900A987F
:106B70000E990C9B02EA530211440862FFE70E983B
:106B800000680A900C984100032000FA01F10A986D
:106B900088430A900D98406800F003000C99490062
:106BA00000FA01F10A9808430A900A980E990860C1
:106BB0000D9880798007002800F00781FFE7FFE744
:106BC00044F2F440C5F60200016841F002010160A0
:106BD000006800F0020008900898FFE70C9820F089
:106BE000030040F20841C5F6000140580A900C9895
:106BF00000F0030081000F2000FA01F10A98884399
:106C00000A900E980021C5F60201884203D1FFE7E1
:106C1000002007906CE00E9840F20041C5F602019A
:106C2000884203D1FFE7012006905EE00E9840F60F
:106C30000001C5F60201884203D1FFE7022005905A
:106C400050E00E9840F60041C5F60201884203D19B
:106C5000FFE70320049042E00E9841F20001C5F6E0
:106C60000201884203D1FFE70420039034E00E982C
:106C700041F20041C5F60201884203D1FFE7052039
:106C8000029026E00E9841F60001C5F60201884206
:106C900003D1FFE70620019018E00E9841F600416D
:106CA000C5F60201884203D1FFE7072000900AE001
:106CB0000E9942F20042C5F602020A20914208BF34
:106CC00009200090FFE700980190FFE701980290EB
:106CD000FFE702980390FFE703980490FFE704980A
:106CE0000590FFE705980690FFE706980790FFE7F5
:106CF00007980C9901F00301890000FA01F10A9844
:106D000008430A900A980C9921F0030140F20842C6
:106D1000C5F6000288504FF0B04000680A900B9909
:106D20000A9888430A900D988079C006002805D5F6
:106D3000FFE70B990A9808430A90FFE70A984FF07B
:106D4000B04108600420C5F6000000680A900B9965
:106D50000A9888430A900D9880798006002805D506
:106D6000FFE70B990A9808430A90FFE70A98042165
:106D7000C5F600010860099840680A900B990A98C6
:106D800088430A900D9880798007002805D5FFE791
:106D90000B990A9808430A90FFE70A9809994860F6
:106DA000099800680A900B990A9888430A900D98F0
:106DB0008079C00728B1FFE70B990A9808430A9029
:106DC000FFE70A9809990860FFE7FFE70C98013090
:106DD0000C9037E60FB0704782B00190ADF802100A
:106DE00001980069BDF80210084204D0FFE70120B5
:106DF0008DF8010003E000208DF80100FFE79DF809
:106E0000010002B07047000082B00190ADF802109E
:106E10008DF801209DF8010028B1FFE7BDF80200C0
:106E20000199886105E0BDF80200000401998861BC
:106E3000FFE702B0704700004AF63430C2F200406B
:106E4000006870470000000040F6D030C2F20040F9
:106E500002784AF63431C2F20041086810440860F2
:106E6000704700000000000080B582B0032000F0F1
:106E7000E7F803F0E9F844F21842C5F60202116897
:106E8000C1F3032348F25421C0F60101CB5C03F0A7
:106E90001F03D84000900098126802F00F02895C2E
:106EA00001F01F01C84040F6C821C2F2004108604D
:106EB000009840F6C421C2F2004108600F2000F0A3
:106EC00013F820B1FFE701208DF8070005E000F07E
:106ED00077F800208DF80700FFE79DF8070002B063
:106EE00080BD00000000000080B590B00E900E98AC
:106EF0000F2810D8FFE70E991C200090002200F008
:106F000087F8009800F078F80E9840F6D431C2F275
:106F10000041086003E001208DF83F004CE0FFE7EE
:106F200044F2E840C5F60200016841F00101016049
:106F3000006800F0010001900198FFE706A802A98F
:106F400002F0EAFF0B980490049820B9FFE703F0E1
:106F500053F8059004E003F04FF840000590FFE778
:106F600005984DF68361C4F21B31A0FB01014FF07F
:106F7000FF3000EB9140039043F23C00C2F200402E
:106F80004FF08041016040F2E731C16003994160F8
:106F900000210161816004F087FE48B9FFE743F2F8
:106FA0003C00C2F2004004F0D7FE8DF83F0003E041
:106FB00001208DF83F00FFE79DF83F0010B080BD35
:106FC00080B582B0FFE744F2F440C5F602000168E4
:106FD00041F002010160006800F002000190019898
:106FE000FFE76FF001000F21002200F011F802B05E
:106FF00080BD00000000000080B582B0ADF8060042
:10700000BDF906000FF040FC02B080BD000000009A
:1070100080B586B0ADF81600049103920FF04CFCD9
:107020000290BDF91600019002980499039A06F0A7
:107030006FFE014601980FF047FC06B080BD0000CE
:1070400080B582B0019001980FF062FC02B080BD63
:1070500082B0019001980068009001990120C1F868
:1070600000050199002081F8F404009A916941F02B
:1070700000619161009A516D0323C1F2000319432D
:10708000516502B07047000082B001908DF8031086
:1070900002B070470000000082B00190ADF802100D
:1070A000BDF80200019909684862002002B07047EB
:1070B00084B003908DF80B10ADF808200398006899
:1070C000406A00909DF80B0048B9FFE7BDF8081032
:1070D000009840EA014003990968886233E0039808
:1070E0000068816A009800EB1140009000208DF844
:1070F0000700FFE79DF807009DF80B100139884253
:1071000013D2FFE7039800689DF8071000EB810099
:10711000D0F80411009800EB11400090FFE79DF8B3
:10712000070001308DF80700E4E7BDF8081000986B
:1071300040EA0140039909689DF80B2001EB8201A8
:10714000C1F80001FFE7002004B070470000000014
:1071500080B582B001900198D0F808050BF000FDD1
:1071600002B080BD0000000080B582B001908DF8B3
:107170000310019AD2F808059DF8031001EBC10332
:1071800002EB8302926C0BF047FB02B080BD000063
:1071900080B582B001908DF80310019AD2F80805ED
:1071A0009DF8031001EBC10302EB8302D2F88822A1
:1071B0000BF0FAFB02B080BD80B582B0019001985F
:1071C000D0F808050BF0D4FC02B080BD0000000030
:1071D00080B584B003908DF80B109DF80B0000066D
:1071E00000280CD5FFE703989DF80B1001F00F0164
:1071F00001EBC10100EB81003C3001900CE00398F1
:107200009DF80B1001F00F0101EBC10100EB8100B3
:1072100000F51F700190FFE70398006801990DF0D9
:107220008BFA8DF80A009DF80A0004B080BD0000BA
:1072300080B584B002908DF807109DF80700000615
:1072400000280FD5FFE702989DF8071001F00F0105
:1072500001EBC10100EB81003C300090009901205E
:1072600048700FE002989DF8071001F00F0101EB44
:10727000C10100EB810000F51F7000900099002013
:107280004870FFE79DF8070000F00F0000990870B4
:10729000FFE7029890F8BC04012804D1FFE7022020
:1072A0008DF80F0014E00299012081F8BC04FFE77B
:1072B000FFE70298006800990CF01AFDFFE70299B9
:1072C000002081F8BC04FFE700208DF80F00FFE7E5
:1072D0009DF80F0004B080BD80B584B002908DF899
:1072E00007109DF8070000F00F00029949688842D6
:1072F00004D9FFE701208DF80F004DE09DF807004D
:10730000000600280FD5FFE702989DF8071001F04E
:107310000F0101EBC10100EB81003C3000900099AE
:10732000012048700FE002989DF8071001F00F014E
:1073300001EBC10100EB810000F51F700090009986
:1073400000204870FFE70099002088709DF8070032
:1073500000F00F0000990870FFE7029890F8BC0455
:10736000012804D1FFE702208DF80F0014E00299F4
:10737000012081F8BC04FFE7FFE70298006800994C
:107380000CF042FFFFE70299002081F8BC04FFE700
:1073900000208DF80F00FFE79DF80F0004B080BDBE
:1073A00082B001908DF8031001989DF8031001F050
:1073B0000F0101EBC10100EB8100D0F8900202B097
:1073C000704700000000000080B586B004908DF882
:1073D0000F10ADF80C208DF80B3000208DF80A004E
:1073E0009DF80F00000600280FD5FFE704989DF8D0
:1073F0000F1001F00F0101EBC10100EB81003C30E7
:1074000001900199012048700FE004989DF80F1039
:1074100001F00F0101EBC10100EB810000F51F70CD
:107420000190019900204870FFE79DF80F0000F0DF
:107430000F0001990870BDF80C00019988609DF853
:107440000B00019908710198407820B1FFE701997C
:1074500008784883FFE79DF80B00022804D1FFE776
:10746000019900204871FFE7FFE7049890F8BC04F9
:10747000012804D1FFE702208DF8170015E00499D8
:10748000012081F8BC04FFE7FFE704980068019938
:107490000CF0D6FAFFE70499002081F8BC04FFE75E
:1074A0009DF80A008DF81700FFE79DF8170006B059
:1074B00080BD00000000000080B586B005908DF80A
:1074C00013100392029305989DF8131001F00F0119
:1074D00001EBC10100EB810000F51F7001900398E2
:1074E0000199C860029801990861019900204861DA
:1074F000019948709DF8130000F00F000199087081
:107500000598C068012804D1FFE703980199C86174
:10751000FFE7059A10680199127B0CF019FF002013
:1075200006B080BD0000000080B584B002908DF8E8
:1075300007109DF8070000F00F0002994968884283
:1075400004D9FFE701208DF80F0058E09DF80700EF
:10755000000600280FD5FFE702989DF8071001F0FC
:107560000F0101EBC10100EB81003C30009000995C
:10757000012048700DE002989DF8071001EBC10151
:1075800000EB810000F51F7000900099002048700A
:10759000FFE70099012088709DF8070000F00F00B8
:1075A00000990870FFE7029890F8BC04012804D104
:1075B000FFE702208DF80F0021E00299012081F8F9
:1075C000BC04FFE7FFE70298006800990CF06CFE2E
:1075D0009DF80700000740B9FFE7029A1068117B89
:1075E00002F2C4420CF0C0FDFFE7FFE70299002061
:1075F00081F8BC04FFE700208DF80F00FFE79DF83D
:107600000F0004B080BD000080B586B005908DF8F5
:1076100013100392029305989DF8131001F00F01C7
:1076200001EBC10100EB81003C300190039801990E
:10763000C860029801990861019900204861019988
:10764000012048709DF8130000F00F0001990870A8
:107650000598C068012804D1FFE703980199C86123
:10766000FFE7059A10680199127B0CF071FE00206B
:1076700006B080BD0000000080B58CB00B900B9868
:1076800000680A900A9809900B9800680DF09CF920
:10769000002840F03584FFE70B9800680DF004FAED
:1076A00010B9FFE700F02CBC0998D0F80808C0F327
:1076B0000D200B99C1F8FC040B9800680DF0F4F94B
:1076C0008007002807D5FFE70B980168486900F09C
:1076D00002004861FFE70B9800680DF0E5F9C0066D
:1076E000002862D5FFE70B980168886920F0100038
:1076F00088610A98006A02900B98029901F00F01C4
:1077000001EBC10100EB810000F51F7008900298A9
:1077100000F4F0110220B0EB514F23D1FFE7BDF888
:10772000080047F6F07108421BD0FFE70A98089955
:10773000C968029AC2F30A120DF0C6F9029847F618
:10774000F07100EA0103089AD06800EB1310D060D2
:10775000029800EA01020899486900EB121048619A
:10776000FFE71BE0029800F4F0110620B0EB514F48
:1077700012D1FFE70A980B9901F2C44108220DF0DB
:10778000A3F9029847F6F07100EA010208994869E6
:1077900000EB1210486100E0FFE7FFE70B9801687B
:1077A000886940F010008861FFE70B9800680DF0D1
:1077B0007BF90003002840F1A680FFE70020049039
:1077C0000B9800680DF01CF90690FFE7069800285A
:1077D00000F09880FFE79DF81800C007002800F02F
:1077E0008A80FFE70B9800689DF810100DF044F9AF
:1077F00005909DF81400C00760B1FFE7099804994F
:1078000000EB41110120C1F8080B0B98049906F018
:1078100007FBFFE79DF81400000700280CD5FFE7E1
:107820000998049900EB41110820C1F8080B0B9846
:10783000049906F0ADFAFFE79DF81400C006002891
:1078400008D5FFE70998049900EB41111020C1F811
:10785000080BFFE79DF81400800700282DD5FFE7EF
:107860000A9840690006002808D5FFE70999D1F871
:10787000040840F48060C1F80408FFE70B980499FD
:1078800001EBC10100EB810000F51F700890089822
:10789000C078012809D1FFE708990020C8700B982B
:1078A0009DF8101000F040FBFFE70998049900EBE9
:1078B00041110220C1F8080BFFE79DF81400800673
:1078C000002808D5FFE70998049900EB4111202012
:1078D000C1F8080BFFE79DF815008006002809D5C0
:1078E000FFE70998049900EB41114FF40050C1F8EB
:1078F000080BFFE7FFE70498013004900698400862
:10790000069063E7FFE70B9800680DF0CDF84003A1
:10791000002840F1C680FFE70B9800680DF05CF886
:10792000069000200490FFE70698002800F0B88039
:10793000FFE79DF81800C007002800F0AA80FFE7C5
:107940000B9800689DF810100DF06EF805909DF8EA
:107950001400C00700283ED0FFE7049800F00F0194
:10796000012000FA01F10391039B099AD2F834181F
:107970009943C2F834180999049A01EB4211C1F8ED
:1079800008090B98C06801281FD1FFE70B980499DC
:1079900001EBC10100EB81014A6C886C10448864E2
:1079A000049888B9FFE70B98049901EBC10100EB3B
:1079B0008100C06C40B9FFE70B99086801F2C4422E
:1079C00001210CF0D1FBFFE7FFE70B989DF81010A9
:1079D000FFF7CAFBFFE79DF814000007002808D551
:1079E000FFE70998049900EB41110820C1F8080944
:1079F000FFE79DF81400C006002808D5FFE70998A6
:107A0000049900EB41111020C1F80809FFE79DF827
:107A100014004006002808D5FFE70998049900EBF8
:107A200041114020C1F80809FFE79DF814008007C4
:107A3000002822D5FFE70A9804990CF059FF0B980B
:107A4000049901EBC10100EB81003C3008900898DB
:107A5000C078012809D1FFE708990020C8700B9869
:107A60009DF8101000F050FAFFE70998049900EB18
:107A700041110220C1F80809FFE79DF81400000633
:107A8000002805D5FFE70B98049906F0ADFAFFE74B
:107A9000FFE704980130049006984008069043E7F9
:107AA000FFE70B9800680CF0FFFFC00F00B3FFE783
:107AB0000999D1F8040820F00100C1F804080B98D6
:107AC00090F8F404012808D1FFE70B98002180F812
:107AD000F4140B98FFF7D8FA03E00B9800F000FCC1
:107AE000FFE70B980168486900F000404861FFE734
:107AF0000B9800680CF0D8FF0005002811D5FFE7AF
:107B00000998D0F80808C00720B1FFE70B9800F0EB
:107B10007BFCFFE70B980168486900F4006048614E
:107B2000FFE70B9800680CF0BFFF0001002820D58C
:107B3000FFE70B980168486900F0006048610B9806
:107B400090F8F40480B9FFE70B98012180F8F41451
:107B50000B980068406DC0F383000B9AC2F8F804DC
:107B60000B98FFF791FA03E00B9800F04DFCFFE74C
:107B7000FFE70B9800680CF097FFC004002840F165
:107B80008680FFE70999D1F8040820F00100C1F8C8
:107B900004080B98006810210CF0AAFE0020079042
:107BA000FFE707980B994968884231D2FFE70998A7
:107BB000079900EB41114FF67F30C1F80809099988
:107BC000079A01EB4212D2F8001921F40011C2F811
:107BD00000190999079A01EB4211C1F8080B09989D
:107BE000079900EB4111D1F8000B20F40010C1F807
:107BF000000B0998079900EB4111D1F8000B40F0F8
:107C00000060C1F8000BFFE7079801300790C8E754
:107C10000999D1F81C0840F00110C1F81C080B9814
:107C2000006B78B1FFE70999D1F8840840F00B00A8
:107C3000C1F884080999D1F8440840F00B00C1F854
:107C400044080FE00999D1F8140842F22B021043BE
:107C5000C1F814080999D1F8100840F00B00C1F8D8
:107C60001008FFE70999D1F8000820F4FE60C1F878
:107C700000080B9A1068117B02F2C4420CF074FAEF
:107C80000B980168486900F480504861FFE70B9841
:107C900000680CF009FF800400281FD5FFE70B984F
:107CA00000680BF03DFF0B9800680CF065FE0B9927
:107CB00008610B980068019002F072F90146019882
:107CC0000B9A127C0DF040F80B9800F0DDFA0B983F
:107CD0000168486900F400504861FFE70B980068AC
:107CE0000CF0E2FE000700280AD5FFE70B9800F031
:107CF00003FB0B980168486900F008004861FFE742
:107D00000B9800680CF0D0FE0006002825D5FFE790
:107D10000A99886920F08000886101200490FFE7BB
:107D200004980B994968884216D2FFE70B9804998A
:107D300001EBC10100EB810090F87F02012806D120
:107D4000FFE70B989DF81010FFF742FAFFE7FFE7F7
:107D5000049801300490E3E7FFE70B9800680CF00B
:107D6000A3FEC00200283ED5FFE701200490FFE7F4
:107D700004980B99496888422ED2FFE70998049924
:107D800000EB4110D0F8000902900B98049901EB28
:107D9000C10100EB810090F84000012817D1FFE7F6
:107DA0009DF80B000006002811D5FFE70B980499F9
:107DB00001EBC10100EB8101012081F83F000B982C
:107DC0009DF8101041F08001FFF702FAFFE7FFE78E
:107DD000049801300490CBE70B980168486900F4DF
:107DE00080104861FFE70B9800680CF05DFE800290
:107DF000002855D5FFE701200490FFE704980B9970
:107E00004968884245D2FFE70998049900EB411080
:107E1000D0F8000B02900B98049901EBC10100EB24
:107E2000810090F8800201282ED1FFE79DF80B0019
:107E30000006002828D5FFE7029800F480300B994F
:107E4000D1F8FC1401F0010188421DD1FFE70B9825
:107E5000049901EBC10100EB8101012081F87F024F
:107E60000A99886940F0800088610A984069000694
:107E7000002808D4FFE70999D1F8040840F40070FD
:107E8000C1F8040805E0FFE7FFE70498013004901B
:107E9000B4E70B980168486900F400104861FFE7F7
:107EA0000B9800680CF000FE400000280AD5FFE7A0
:107EB0000B98FFF74DF90B980168486900F0804076
:107EC0004861FFE70B9800680CF0EEFD40070028C2
:107ED00015D5FFE70B980068406802909DF80800F0
:107EE0004007002804D5FFE70B98FFF765F9FFE787
:107EF000029A0B980168486810434860FFE7FFE763
:107F00000CB080BD0000000080B582B001908DF8FB
:107F100003100198D0F808059DF803100AF0CCFE74
:107F200002B080BD0000000080B582B001908DF8E5
:107F300003100198D0F808059DF803100AF0F4FE2C
:107F400002B080BD000000002DE9F04F95B0139005
:107F5000139820B9FFE701208DF8530051E11398E1
:107F600000681290139890F8BD0440B9FFE7139988
:107F7000002081F8BC04139800F04AF9FFE7139938
:107F8000032081F8BD041298C06BC005002804D4FA
:107F9000FFE713990020C860FFE7139800680CF012
:107FA000D7F813980E9001680F9141688268C368F2
:107FB000D0F810C044698569C669076AD0F8248082
:107FC000D0F82890D0F82CA0D0F830B0D0F834E019
:107FD00068461090C0F824E00F98DDF840E0CEF835
:107FE00020B0CEF81CA0CEF81890CEF81480CEF8B1
:107FF0001070CEF80C60CEF80850CEF80440CEF8E1
:1080000000C00BF0A5FD40B1FFE71399022081F8F5
:10801000BD0401208DF85300F3E01398006800219F
:108020000D910CF0F1FD0D988DF84700FFE79DF8DC
:10803000470013994968884245D2FFE713989DF895
:10804000471001EBC10100EB8101012081F83D00E7
:108050009DF84700139900EBC00201EB820181F803
:108060003C009DF84700139900EBC00201EB820130
:10807000A1F8560013989DF8471001EBC10100EBE1
:108080008101002081F8400013999DF8472002EB00
:10809000C20201EB8201486413999DF8472002EB6C
:1080A000C20201EB8201886413999DF8472002EB1C
:1080B000C20201EB8201C864FFE79DF8470001306E
:1080C0008DF84700B3E700208DF84700FFE79DF8E3
:1080D00047001399496888423ED2FFE713989DF8FC
:1080E000471001EBC10100EB8101002081F87D0206
:1080F0009DF84710139A01EBC10302EB830282F84B
:108100007C1213999DF8472002EBC20201EB820119
:1081100081F8800213999DF8472002EBC20201EB1F
:108120008201C1F8840213999DF8472002EBC20234
:1081300001EB8201C1F8880213999DF8472002EBF8
:10814000C20201EB8201C1F88C02FFE79DF84700F3
:1081500001308DF84700BAE713980A9001680B9137
:1081600041688268C368D0F810C044698569C669EF
:10817000076AD0F82480D0F82890D0F82CA0D0F846
:1081800030B0D0F834E068460C90C0F824E00B988A
:10819000DDF830E0CEF820B0CEF81CA0CEF8189074
:1081A000CEF81480CEF81070CEF80C60CEF80850DF
:1081B000CEF80440CEF800C00BF06EFE40B1FFE7F1
:1081C0001399022081F8BD0401208DF8530018E0B6
:1081D0001399002081F838001399012081F8BD041B
:1081E0001398406A012804D1FFE71398FEF730FF87
:1081F000FFE7139800680BF037FE00208DF853005E
:10820000FFE79DF8530015B0BDE8F08F00000000B7
:1082100080B5B2B0319002A8B821F8F7BDF8319816
:1082200000680021C4F2040188422BD1FFE700203E
:1082300003904FF4802002904FF44010239002A846
:1082400000F026FC18B1FFE7F9F722FEFFE700F087
:108250004FF9FFE744F2D840C5F60200016841F04B
:1082600000710160006800F0007001900198FFE764
:108270004D20009005210022FEF7CAFE0098FEF76F
:10828000BBFEFFE732B080BD80B582B00190012017
:108290008DF803000198006920B9FFE700208DF8F0
:1082A00003000CE001980069022804D1FFE70120D7
:1082B0008DF8030002E0F9F7EBFDFFE7FFE7019817
:1082C000D0F808059DF803100AF036FE0198D0F8A2
:1082D00008050AF0ADFD02B080BD000000000000FE
:1082E00080B582B001900198D0F808050AF0F0FD41
:1082F00002B080BD0000000080B582B001900198FE
:10830000D0F808050AF0F8FD02B080BD00000000BA
:1083100080B584B002908DF80710FFE7029890F8BE
:10832000BC04012804D1FFE702208DF80F001AE0F9
:108330000299012081F8BC04FFE7FFE79DF80700E0
:10834000029981F83800029800689DF807100CF037
:10835000CBFCFFE70299002081F8BC04FFE7002076
:108360008DF80F00FFE79DF80F0004B080BD0000FE
:1083700080B582B001900199D1F8080501F2C4419D
:108380000AF006FE02B080BD80B584B0029002986B
:1083900000680190FFE7029890F8BC04012804D11E
:1083A000FFE702208DF80F0028E00299012081F8F4
:1083B000BC04FFE7FFE70198C06BC00500280BD4A1
:1083C000FFE70298806A012806D1FFE70199886BD0
:1083D00040F480308863FFE7029800680CF03CFAB4
:1083E000029800680BF028FDFFE70299002081F851
:1083F000BC04FFE700208DF80F00FFE79DF80F0099
:1084000004B080BD0000000080B582B001900198EA
:10841000D0F808050AF044FE01980168D1F8000E72
:1084200040F00100C1F8000E0198006A48B1FFE772
:108430004EF61051CEF20001086840F006000860C8
:10844000FFE702B080BD000080B584B0029044F622
:108450000C00C5F60200006800F004010020B0EB3B
:10846000910F13D1FFE744F60C00C5F60200006837
:1084700000F007000299884204D0FFE701208DF840
:108480000F002EE000208DF80F002AE044F60C01CA
:10849000C5F60201086820F00700029A1043086040
:1084A000FEF7CAFC0190FFE744F60400C5F602009F
:1084B000006800F400510020B0EB513F0DD1FFE700
:1084C000FEF7BAFC0199401AB0F57A7F04D9FFE7AC
:1084D00001208DF80F0004E0E6E700208DF80F0082
:1084E000FFE79DF80F0004B080BD00000000000011
:1084F00044F60C01C5F60201086840F0807008607F
:10850000704700000000000080B501F049FD44F212
:108510002041C5F602010968C1F3021248F2542154
:10852000C0F60101895C01F01F01C84080BD000058
:1085300088B0079044F22840C5F60200016801F0B7
:10854000030106910068C0F30530059044F22C4009
:10855000C5F602000068C0F300100490049844F2CD
:108560003C41C5F60201096889B2C908484300EEDA
:10857000100AB8EE400A8DED020A0598002800F0B6
:108580001B81FFE70698009048B1FFE7009801289B
:1085900069D0FFE70098022800F08980ABE044F240
:1085A0000040C5F60200006800F020010020B0EB9A
:1085B000511F33D0FFE744F20040C5F602000068C7
:1085C000C0F3C10149F20000C0F2D030C8400390AE
:1085D0009DED030AB8EE400A9DED051AB8EE411A6A
:1085E00080EE010A44F23840C5F6020000686FF3DD
:1085F0005F2001EE100AB8EE411A9DED022A9FEDB0
:10860000743A82EE032A31EE021AB7EE002A31EEF6
:10861000021A20EE010A8DED010A23E09DED050A04
:10862000B8EE401A9FED6C0A80EE010A44F2384021
:10863000C5F6020000686FF35F2001EE100AB8EE85
:10864000411A9DED022A9FED623A82EE032A31EE35
:10865000021AB7EE002A31EE021A20EE010A8DED61
:10866000010AFFE76BE09DED050AB8EE401A9FEDA9
:10867000590A80EE010A44F23840C5F6020000684B
:108680006FF35F2001EE100AB8EE411A9DED022A49
:108690009FED4F3A82EE032A31EE021AB7EE002A1E
:1086A00031EE021A20EE010A8DED010A47E09DED40
:1086B000050AB8EE401A9FED450A80EE010A44F221
:1086C0003840C5F6020000686FF35F2001EE100A23
:1086D000B8EE411A9DED022A9FED3D3A82EE032A43
:1086E00031EE021AB7EE002A31EE021A20EE010A2C
:1086F0008DED010A23E09DED050AB8EE401A9FEDCD
:10870000350A80EE010A44F23840C5F602000068DE
:108710006FF35F2001EE100AB8EE411A9DED022AB8
:108720009FED2B3A82EE032A31EE021AB7EE002AB1
:1087300031EE021A20EE010A8DED010AFFE79DEDF0
:10874000010A44F23840C5F60200016889B2490ABC
:1087500001EE101AB8EE411AB7EE002A31EE021AF5
:1087600080EE010A0799BCEEC00A81ED000A9DED7A
:10877000010A0168C1F3064101EE101AB8EE411A70
:1087800031EE021A80EE010A0799BCEEC00A81EDB3
:10879000010A9DED010A0068C0F3066001EE100AAF
:1087A000B8EE411A31EE021A80EE010A0798BCEECB
:1087B000C00A80ED020A07E00799002008600799C7
:1087C000486007998860FFE708B07047001BB74B07
:1087D000000000460024744A0024744C000000008D
:1087E00088B0079044F22840C5F60200016801F005
:1087F000030106910068C0F30550059044F22C4037
:10880000C5F602000068C0F300200490049844F20A
:108810004441C5F60201096889B2C908484300EE1F
:10882000100AB8EE400A8DED020A0598002800F003
:108830001B81FFE70698009048B1FFE700980128E8
:1088400069D0FFE70098022800F08980ABE044F28D
:108850000040C5F60200006800F020010020B0EBE7
:10886000511F33D0FFE744F20040C5F60200006814
:10887000C0F3C10149F20000C0F2D030C8400390FB
:108880009DED030AB8EE400A9DED051AB8EE411AB7
:1088900080EE010A44F24040C5F6020000686FF322
:1088A0005F2001EE100AB8EE411A9DED022A9FEDFD
:1088B000743A82EE032A31EE021AB7EE002A31EE44
:1088C000021A20EE010A8DED010A23E09DED050A52
:1088D000B8EE401A9FED6C0A80EE010A44F2404067
:1088E000C5F6020000686FF35F2001EE100AB8EED3
:1088F000411A9DED022A9FED623A82EE032A31EE83
:10890000021AB7EE002A31EE021A20EE010A8DEDAE
:10891000010AFFE76BE09DED050AB8EE401A9FEDF6
:10892000590A80EE010A44F24040C5F60200006890
:108930006FF35F2001EE100AB8EE411A9DED022A96
:108940009FED4F3A82EE032A31EE021AB7EE002A6B
:1089500031EE021A20EE010A8DED010A47E09DED8D
:10896000050AB8EE401A9FED450A80EE010A44F26E
:108970004040C5F6020000686FF35F2001EE100A68
:10898000B8EE411A9DED022A9FED3D3A82EE032A90
:1089900031EE021AB7EE002A31EE021A20EE010A79
:1089A0008DED010A23E09DED050AB8EE401A9FED1A
:1089B000350A80EE010A44F24040C5F60200006824
:1089C0006FF35F2001EE100AB8EE411A9DED022A06
:1089D0009FED2B3A82EE032A31EE021AB7EE002AFF
:1089E00031EE021A20EE010A8DED010AFFE79DED3E
:1089F000010A44F24040C5F60200016889B2490A02
:108A000001EE101AB8EE411AB7EE002A31EE021A42
:108A100080EE010A0799BCEEC00A81ED000A9DEDC7
:108A2000010A0168C1F3064101EE101AB8EE411ABD
:108A300031EE021A80EE010A0799BCEEC00A81ED00
:108A4000010A9DED010A0068C0F3066001EE100AFC
:108A5000B8EE411A31EE021A80EE010A0798BCEE18
:108A6000C00A80ED020A07E0079900200860079914
:108A7000486007998860FFE708B07047001BB74B54
:108A8000000000460024744A0024744C00000000DA
:108A900080B59AB0189000208DF857008DF85600D8
:108AA0001898C0780007002848D5FFE71898406E4E
:108AB000149078B1FFE71498B0F5801F13D0FFE74A
:108AC0001498B0F5001F16D0FFE71498B0F5401FBA
:108AD00019D019E044F22C41C5F60201086840F4AF
:108AE0000030086014E018980830022105F0DCFD21
:108AF0008DF857000CE018982830022105F0BCFED4
:108B00008DF8570004E003E001208DF85700FFE7DF
:108B10009DF8570060B9FFE744F25041C5F60201E5
:108B2000086820F44010189A526E1043086004E060
:108B30009DF857008DF85600FFE7FFE7189840783A
:108B4000C007002840D0FFE71898806D13900428D4
:108B500020D81399DFE801F0030C141C1D0044F227
:108B60002C41C5F60201086840F40030086015E0A9
:108B700018980830002105F097FD8DF857000DE09A
:108B800018982830002105F077FE8DF8570005E091
:108B900004E003E001208DF85700FFE79DF857003F
:108BA00060B9FFE744F25041C5F60201086820F0C1
:108BB0000700189A926D1043086004E09DF8570072
:108BC0008DF85600FFE7FFE7189840784007002827
:108BD00056D5FFE71898D0F8A4001290C8B1FFE767
:108BE0001298B0F5001F1DD0FFE71298B0F5800F66
:108BF00020D0FFE71298B0F5C00F23D0FFE71298FE
:108C0000B0F5000F1FD0FFE71298B0F5200F1BD072
:108C10001BE044F22C41C5F60201086840F4003024
:108C2000086016E018980830002105F03DFD8DF829
:108C300057000EE018982830002105F01DFE8DF831
:108C4000570006E005E004E003E001208DF857003E
:108C5000FFE79DF8570068B9FFE744F25841C5F6B1
:108C60000201086820F46000189AD2F8A42010438A
:108C7000086004E09DF857008DF85600FFE7FFE715
:108C8000189840780007002856D5FFE71898D0F8C4
:108C9000A8001190C8B1FFE71198B0F1807F1DD0F6
:108CA000FFE71198B0F1007F20D0FFE71198B0F1F5
:108CB000407F23D0FFE71198B0F1806F1FD0FFE70E
:108CC0001198B0F1A06F1BD01BE044F22C41C5F607
:108CD0000201086840F40030086016E01898083077
:108CE000002105F0E1FC8DF857000EE018982830BF
:108CF000002105F0C1FD8DF8570006E005E004E015
:108D000003E001208DF85700FFE79DF8570068B990
:108D1000FFE744F25841C5F60201086820F0E06020
:108D2000189AD2F8A8201043086004E09DF8570074
:108D30008DF85600FFE7FFE71898C07880070028F5
:108D40003ED5FFE71898C06C1090F0B1FFE710987F
:108D5000102808D0FFE7109820280DD0FFE71098C2
:108D6000302811D012E044F22C41C5F60201086807
:108D700040F4003008600DE018980830022105F03A
:108D800093FC8DF8570005E004E003E001208DF826
:108D90005700FFE79DF8570060B9FFE744F24C41E8
:108DA000C5F60201086820F03000189AD26C104312
:108DB000086004E09DF857008DF85600FFE7FFE7D4
:108DC00018984078C00600284ED5FFE71898C06D67
:108DD0000F90A0B1FFE70F98B0F5805F18D0FFE7C4
:108DE0000F98B0F5005F1BD0FFE70F98B0F5405F1C
:108DF0001ED0FFE70F98B0F5804F1AD01AE044F26A
:108E00002C41C5F60201086840F40030086015E006
:108E100018980830002105F047FC8DF857000DE048
:108E200018982830002105F027FD8DF8570005E03F
:108E300004E003E001208DF85700FFE79DF857009C
:108E400060B9FFE744F25041C5F60201086820F41A
:108E5000E040189AD26D1043086004E09DF8570076
:108E60008DF85600FFE7FFE7189840788006002845
:108E70004CD5FFE71898006E0E90C8B1FFE70E982A
:108E8000B0F5803F15D0FFE70E98B0F5003F18D041
:108E9000FFE70E98B0F5403F1BD0FFE70E98B0F506
:108EA000802F17D0FFE70E98B0F5A02F13D013E056
:108EB00016E018980830012105F0F6FB8DF85700F0
:108EC0000EE018982830012105F0D6FC8DF85700E7
:108ED00006E005E004E003E001208DF85700FFE71D
:108EE0009DF8570060B9FFE744F25041C5F6020112
:108EF000086820F4E020189A126E1043086004E01D
:108F00009DF857008DF85600FFE7FFE71898407866
:108F1000400600284ED5FFE71898D0F8AC000D9019
:108F2000C8B1FFE70D98B0F1805F15D0FFE70D984D
:108F3000B0F1005F18D0FFE70D98B0F1405F1BD093
:108F4000FFE70D98B0F1804F17D0FFE70D98B0F113
:108F5000A04F13D013E016E018980830012105F057
:108F6000A3FB8DF857000EE018982830012105F07A
:108F700083FC8DF8570006E005E004E003E00120E3
:108F80008DF85700FFE79DF8570068B9FFE744F2F6
:108F90005841C5F60201086820F0E040189AD2F85E
:108FA000AC201043086004E09DF857008DF856008F
:108FB000FFE7FFE718984078000600283BD5FFE759
:108FC0001898C06E0C90D8B1FFE70C98B0F1805F94
:108FD00005D0FFE70C98B0F1005F09D011E044F232
:108FE0002C41C5F60201086840F4003008600CE02E
:108FF00018980830012105F057FB8DF8570004E060
:1090000003E001208DF85700FFE79DF8570060B995
:10901000FFE744F25041C5F60201086820F04050D5
:10902000189AD26E1043086004E09DF857008DF83E
:109030005600FFE7FFE71898C078C007002837D030
:10904000FFE71898806C0B90032817D80B99DFE87E
:1090500001F014020B1344F22C41C5F6020108681A
:1090600040F4003008600DE018980830022105F047
:109070001BFB8DF8570005E004E003E001208DF8AC
:109080005700FFE79DF8570060B9FFE744F24C41F5
:10909000C5F60201086820F00300189A926C10438C
:1090A000086004E09DF857008DF85600FFE7FFE7E1
:1090B000189880784006002840F1B480FFE744F615
:1090C0000001C5F60201086840F480700860FDF7F1
:1090D000B3FE1690FFE744F60000C5F602000068F4
:1090E000C00500280CD4FFE7FDF7A6FE1699401A2C
:1090F000652804D3FFE703208DF8570000E0EAE776
:109100009DF85700002840F08780FFE744F2704048
:10911000C5F60200006800F440701899D1F8B0104C
:1091200001F44071884213D0FFE744F27041C5F664
:109130000201086820F440701790086840F48030FD
:109140000860086820F48030086017980860FFE71E
:109150001898D0F8B000B0F5807F1FD1FFE7FDF779
:109160006BFE1690FFE744F27040C5F602000068FF
:1091700000F002010020B0EB510F0ED1FFE7FDF728
:109180005BFE1699401A41F28931884204D3FFE709
:1091900003208DF8570000E0E5E7FFE79DF8570052
:1091A000A0BBFFE7FFE71898D0F8B00000F44070CC
:1091B000B0F5407F13D1FFE744F21041C5F602013C
:1091C000086820F47C50189AD2F8B0204FF6F0438B
:1091D000C0F6FF731A4040EA1210086008E044F23B
:1091E0001041C5F60201086820F47C500860FFE7D2
:1091F0001898D0F8B0206FF31F3244F27041C5F6D2
:109200000201086810430860FFE704E09DF857007A
:109210008DF85600FFE704E09DF857008DF85600E2
:10922000FFE7FFE718980068C007002800F04C80AF
:10923000FFE71898806F0A9028282BD80A99DFE852
:1092400001F0152929292929292916292929292916
:1092500029291E292929292929292629292929298C
:1092600029292729292929292929280016E0189898
:109270000830012105F018FA8DF857000EE0189813
:109280002830012105F0F8FA8DF8570006E005E0D6
:1092900004E003E001208DF85700FFE79DF8570038
:1092A00060B9FFE744F25441C5F60201086820F0B6
:1092B0003800189A926F1043086004E09DF8570038
:1092C0008DF85600FFE7FFE7189800788007002820
:1092D00039D5FFE71898406F0990052819D80999E2
:1092E000DFE801F003040C14151616E01898083096
:1092F000012105F0D9F98DF857000EE018982830B3
:10930000012105F0B9FA8DF8570006E005E004E008
:1093100003E001208DF85700FFE79DF8570060B982
:10932000FFE744F25441C5F60201086820F0070047
:10933000189A526F1043086004E09DF857008DF8AA
:109340005600FFE7FFE718980078400700283BD554
:10935000FFE71898D0F890000890052819D80899C8
:10936000DFE801F003040C14151616E01898083015
:10937000012105F099F98DF857000EE01898283072
:10938000012105F079FA8DF8570006E005E004E0C8
:1093900003E001208DF85700FFE79DF8570068B9FA
:1093A000FFE744F25841C5F60201086820F00700C3
:1093B000189AD2F890201043086004E09DF85700F6
:1093C0008DF85600FFE7FFE7189800788006002820
:1093D0004ED5FFE71898D0F88C000790C8B1FFE78A
:1093E0000798B0F1805F15D0FFE70798B0F1005FF4
:1093F00018D0FFE70798B0F1405F1BD0FFE7079850
:10940000B0F1804F17D0FFE70798B0F1A04F13D00D
:1094100013E016E018980830002105F045F98DF8A2
:1094200057000EE018982830022105F025FA8DF833
:10943000570006E005E004E003E001208DF8570046
:10944000FFE79DF8570068B9FFE744F25441C5F6BD
:109450000201086820F0E040189AD2F88C201043EE
:10946000086004E09DF857008DF85600FFE7FFE71D
:1094700018980078400600284ED5FFE71898D0F8D5
:1094800098000690C8B1FFE70698B0F5806F15D038
:10949000FFE70698B0F5006F18D0FFE70698B0F523
:1094A000406F1BD0FFE70698B0F5805F17D0FFE74D
:1094B0000698B0F5A05F13D013E016E018980830B6
:1094C000002105F0F1F88DF857000EE018982830CB
:1094D000022105F0D1F98DF8570006E005E004E01F
:1094E00003E001208DF85700FFE79DF8570068B9A9
:1094F000FFE744F25841C5F60201086820F4E05045
:10950000189AD2F898201043086004E09DF857009C
:109510008DF85600FFE7FFE718980078000600284E
:109520004ED5FFE71898D0F89C000590C8B1FFE72A
:109530000598B0F5005F15D0FFE70598B0F5804FAE
:1095400018D0FFE70598B0F5C04F1BD0FFE705988E
:10955000B0F5004F17D0FFE70598B0F5204F13D0B6
:1095600013E016E018980830002105F09DF88DF8FA
:1095700057000EE018982830022105F07DF98DF88B
:10958000570006E005E004E003E001208DF85700F5
:10959000FFE79DF8570068B9FFE744F25841C5F668
:1095A0000201086820F46040189AD2F89C20104309
:1095B000086004E09DF857008DF85600FFE7FFE7CC
:1095C000189800780007002820D5FFE71898D0F8F1
:1095D0008000B0F5805F0CD1FFE718982830022199
:1095E00005F04AF920B1FFE701208DF85600FFE7AA
:1095F000FFE744F25441C5F60201086820F44050E8
:10960000189AD2F8802010430860FFE71898007875
:10961000C006002820D5FFE71898D0F89400B0F5D0
:10962000807F0CD1FFE718982830022105F024F93B
:1096300020B1FFE701208DF85600FFE7FFE744F275
:109640005841C5F60201086820F44070189AD2F813
:10965000942010430860FFE71898807800070028DE
:109660003CD5FFE71898D0F8A000049050B1FFE770
:109670000498B0F5803F0DD0FFE70498B0F5003FA7
:1096800010D010E018980830002105F00DF88DF882
:1096900057000CE018982830022105F0EDF88DF8FD
:1096A000570004E003E001208DF85700FFE79DF824
:1096B000570068B9FFE744F25841C5F6020108684F
:1096C00020F44030189AD2F8A0201043086004E03B
:1096D0009DF857008DF85600FFE7FFE7189880784F
:1096E000400700283FD5FFE71898D0F88400039082
:1096F000B0F5801F0AD0FFE70398B0F5001F0ED029
:10970000FFE70398B0F5401F11D011E044F22C415F
:10971000C5F60201086840F4003008600CE01898B3
:109720002830012105F0A8F88DF8570004E003E087
:1097300001208DF85700FFE79DF8570068B9FFE753
:1097400044F25441C5F60201086820F44010189A0A
:10975000D2F884201043086004E09DF857008DF88B
:109760005600FFE7FFE718988078C007A8B3FFE727
:109770001898006D029028B1FFE70298B0F5803F7D
:1097800009D010E044F22C41C5F60201086840F40B
:10979000003008600BE018980830022104F084FFC4
:1097A0008DF8570003E001208DF85700FFE79DF882
:1097B000570060B9FFE744F24C41C5F60201086862
:1097C00020F48030189A126D1043086004E09DF870
:1097D00057008DF85600FFE7FFE71898C07880061D
:1097E00000280CD5FFE718982830022105F044F82E
:1097F00020B1FFE701208DF85600FFE7FFE718983A
:109800008078800700283AD5FFE71898C06F01904C
:10981000D0B1FFE70198B0F5807F0AD0FFE701984B
:10982000B0F5007F0ED0FFE70198B0F5407F0AD079
:109830000BE044F22C41C5F60201086840F4003008
:10984000086006E005E004E003E001208DF8570021
:10985000FFE79DF8570060B9FFE744F25441C5F6B1
:109860000201086820F44070189AD26F1043086013
:1098700004E09DF857008DF85600FFE7FFE71898C1
:109880008078C00600280CD5FFE744F25041C5F6A9
:109890000201086820F00040189A126F1043086017
:1098A000FFE718988078800600280CD5FFE744F27F
:1098B0005041C5F60201086820F08070189A926E37
:1098C00010430860FFE71898C0784006002811D5BB
:1098D000FFE7FFE744F21041C5F60201086820F4F3
:1098E000004008601898D0F8B42008681043086059
:1098F000FFE7FFE71898C078000600280CD5FFE7BF
:1099000044F24C41C5F60201086820F04050189A14
:10991000526D10430860FFE7189880780006002811
:109920000DD5FFE744F25441C5F60201086820F462
:109930004000189AD2F8882010430860FFE7189872
:109940000079C00790B1FFE718980830002104F0B3
:10995000ABFE8DF857009DF8570008B9FFE704E00B
:109960009DF857008DF85600FFE7FFE7189800793B
:109970008007002812D5FFE718980830012104F06D
:1099800093FE8DF857009DF8570008B9FFE704E0F3
:109990009DF857008DF85600FFE7FFE7189800790B
:1099A0004007002812D5FFE718980830022104F07C
:1099B0007BFE8DF857009DF8570008B9FFE704E0DB
:1099C0009DF857008DF85600FFE7FFE718980079DB
:1099D0000007002812D5FFE718982830002104F06E
:1099E0004BFF8DF857009DF8570008B9FFE704E0DA
:1099F0009DF857008DF85600FFE7FFE718980079AB
:109A0000C006002812D5FFE718982830012104F07D
:109A100033FF8DF857009DF8570008B9FFE704E0C1
:109A20009DF857008DF85600FFE7FFE7189800797A
:109A30008006002812D5FFE718982830022104F08C
:109A40001BFF8DF857009DF8570008B9FFE704E0A9
:109A50009DF857008DF85600FFE7FFE79DF8560088
:109A600020B9FFE700208DF8670003E001208DF8A2
:109A70006700FFE79DF867001AB080BD0000000096
:109A800080B586B004900391049820B9FFE70120C7
:109A90008DF817003CE2039842F20001C5F2002164
:109AA000096801F00F01884216D9FFE742F2000071
:109AB000C5F20020016821F00F01039A11430160F3
:109AC000006800F00F000399884204D0FFE70120EE
:109AD0008DF817001CE2FFE7049800784007002883
:109AE00019D5FFE70498006944F21841C5F6020150
:109AF000096801F0700188420CD9FFE744F218416F
:109B0000C5F60201086820F07000049A126910433B
:109B10000860FFE7FFE7049800780007002819D5E0
:109B2000FFE70498406944F21C41C5F60201096848
:109B300001F0700188420CD9FFE744F21C41C5F6E0
:109B40000201086820F07000049A5269104308600E
:109B5000FFE7FFE704980078C006002819D5FFE763
:109B60000498806944F21C41C5F60201096801F4B9
:109B7000E06188420CD9FFE744F21C41C5F60201BE
:109B8000086820F4E060049A926910430860FFE7D7
:109B9000FFE7049800788006002819D5FFE70498AD
:109BA000C06944F22041C5F60201096801F0700164
:109BB00088420CD9FFE744F22041C5F6020108684B
:109BC00020F07000049AD26910430860FFE7FFE7B5
:109BD000049800788007002819D5FFE70498C0682A
:109BE00044F21841C5F60201096801F00F018842EC
:109BF0000CD9FFE744F21841C5F60201086820F0CD
:109C00000F00049AD26810430860FFE7FFE704984A
:109C10000078C007002800F08C80FFE744F218416C
:109C2000C5F60201086820F47060049A9268104337
:109C3000086004984068022811D1FFE744F2004010
:109C4000C5F60200006800F400310020B0EB514F6F
:109C500004D1FFE701208DF8170059E13EE0049898
:109C60004068032811D1FFE744F20040C5F6020026
:109C7000006800F000710020B0EB516F04D1FFE7E5
:109C800001208DF8170043E127E00498406801287F
:109C900011D1FFE744F20040C5F60200006800F46D
:109CA00080710020B0EB112F04D1FFE701208DF867
:109CB00017002DE110E044F20040C5F602000068F4
:109CC00000F004010020B0EB910F04D1FFE7012068
:109CD0008DF817001CE1FFE7FFE7FFE744F21041B2
:109CE000C5F60201086820F00700049A5268104384
:109CF0000860FDF7A1F80190FFE744F21040C5F6B7
:109D00000200006800F0380004994968B0EBC10F08
:109D10000ED0FFE7FDF790F80199401A41F2893122
:109D2000884204D3FFE703208DF81700F0E0E4E752
:109D3000FFE7049800788007002819D5FFE704980A
:109D4000C06844F21841C5F60201096801F00F012C
:109D500088420CD2FFE744F21841C5F602010868B8
:109D600020F00F00049AD26810430860FFE7FFE775
:109D7000039842F20001C5F20021096801F00F01C9
:109D8000884216D2FFE742F20000C5F200200168C7
:109D900021F00F01039A11430160006800F00F00E9
:109DA0000399884204D0FFE701208DF81700AFE047
:109DB000FFE7049800784007002819D5FFE70498CA
:109DC000006944F21841C5F60201096801F070010A
:109DD00088420CD2FFE744F21841C5F60201086838
:109DE00020F07000049A126910430860FFE7FFE753
:109DF000049800780007002819D5FFE70498406907
:109E000044F21C41C5F60201096801F07001884264
:109E10000CD2FFE744F21C41C5F60201086820F0AD
:109E20007000049A526910430860FFE7FFE7049846
:109E30000078C006002819D5FFE70498806944F22D
:109E40001C41C5F60201096801F4E06188420CD2A8
:109E5000FFE744F21C41C5F60201086820F4E06007
:109E6000049A926910430860FFE7FFE704980078BE
:109E70008006002819D5FFE70498C06944F2204104
:109E8000C5F60201096801F0700188420CD2FFE7B3
:109E900044F22041C5F60201086820F07000049ADF
:109EA000D26910430860FFE7FFE700F0CDF844F205
:109EB0001842C5F602021168C1F3032348F2542187
:109EC000C0F60101CB5C03F01F03D840009000985E
:109ED000126802F00F02895C01F01F01C84040F6D1
:109EE000C821C2F200410860009840F6C421C2F2C5
:109EF0000041086040F6D430C2F200400068FCF730
:109F0000F3FF8DF80B009DF80B008DF81700FFE7AD
:109F10009DF8170006B080BD82B0019000910199B4
:109F20003F20086044F21040C5F60200006800F0CF
:109F300007000199486044F21840C5F60200016824
:109F400001F47061019A9160016801F00F01019ABA
:109F5000D160006800F070000199086144F21C4073
:109F6000C5F60200016801F07001019A51610068B4
:109F700000F4E0600199886144F22040C5F60200D7
:109F8000006800F070000199C86142F20000C5F25B
:109F90000020006800F00F000099086002B07047D0
:109FA00080B582B000F050F844F21842C5F60202C3
:109FB0001168C1F3032348F25421C0F60101CB5CC0
:109FC00003F01F03D84001900198126802F00F02BD
:109FD000895C01F01F0120FA01F140F6C820C2F2AD
:109FE00000400160019940F6C422C2F200421160B3
:109FF000006802B080BD000080B5FFF7D1FF44F2D9
:10A000001C41C5F602010968C1F3021248F254214D
:10A01000C0F60101895C01F01F01C84080BD00004D
:10A0200080B5FFF7BDFF44F21C41C5F60201096887
:10A03000C1F3022248F25421C0F60101895C01F00B
:10A040001F01C84080BD00008AB044F21040C5F630
:10A050000200006800F0380001460191182800F263
:10A0600069810199DFE811F0190066016601660156
:10A0700066016601660166013A00660166016601D5
:10A0800066016601660166014000660166016601BF
:10A090006601660166016601460044F20040C5F6AD
:10A0A0000200006800F020010020B0EB511F0ED02C
:10A0B000FFE744F20040C5F602000068C0F3C101AA
:10A0C00049F20000C0F2D030C840029005E049F2E9
:10A0D0000000C0F2D0300290FFE731E140F60010FE
:10A0E000C0F23D0002902BE143F20060C0F26E101E
:10A0F000029025E144F22840C5F60200016801F013
:10A10000030108910068C0F30510079044F22C4049
:10A11000C5F60200006800F001000690069844F2BF
:10A120003441C5F60201096889B2C908484300EE06
:10A13000100AB8EE400A8DED040A0798002800F0D6
:10A14000F580FFE70898009048B1FFE700980128E4
:10A1500069D0FFE70098022800F08980ABE044F264
:10A160000040C5F60200006800F020010020B0EBBE
:10A17000511F33D0FFE744F20040C5F602000068EB
:10A18000C0F3C10149F20000C0F2D030C8400590D0
:10A190009DED050AB8EE400A9DED071AB8EE411A8A
:10A1A00080EE010A44F23040C5F6020000686FF309
:10A1B0005F2001EE100AB8EE411A9DED042A9FEDD2
:10A1C000633A82EE032A31EE021AB7EE002A31EE2C
:10A1D000021A20EE010A8DED030A23E09DED070A25
:10A1E000B8EE401A9FED5B0A80EE010A44F230405F
:10A1F000C5F6020000686FF35F2001EE100AB8EEAA
:10A20000411A9DED042A9FED513A82EE032A31EE68
:10A21000021AB7EE002A31EE021A20EE010A8DED85
:10A22000030AFFE76BE09DED070AB8EE401A9FEDC9
:10A23000480A80EE010A44F23040C5F60200006888
:10A240006FF35F2001EE100AB8EE411A9DED042A6B
:10A250009FED3E3A82EE032A31EE021AB7EE002A53
:10A2600031EE021A20EE010A8DED030A47E09DED62
:10A27000070AB8EE401A9FED340A80EE010A44F254
:10A280003040C5F6020000686FF35F2001EE100A4F
:10A29000B8EE411A9DED042A9FED2C3A82EE032A76
:10A2A00031EE021AB7EE002A31EE021A20EE010A50
:10A2B0008DED030A23E09DED070AB8EE401A9FEDED
:10A2C000240A80EE010A44F23040C5F6020000681C
:10A2D0006FF35F2001EE100AB8EE411A9DED042ADB
:10A2E0009FED1A3A82EE032A31EE021AB7EE002AE7
:10A2F00031EE021A20EE010A8DED030AFFE744F267
:10A300003040C5F60200006881B2012000EB512008
:10A3100009909DED030A9DED091AB8EE411A80EEF1
:10A32000010ABCEEC00A8DED020A02E00020029094
:10A33000FFE705E040F60010C0F23D000290FFE7A5
:10A3400002980AB0704700BF001BB74B00000046E0
:10A350000024744A0024744C80B58CB00A900A988A
:10A3600028B9FFE701208DF82F0000F001BD0A9801
:10A370000078C007002800F0B980FFE744F21040E1
:10A38000C5F60200006800F03800069044F228404C
:10A39000C5F6020000680590069810280AD0FFE76D
:10A3A000069818281CD1FFE7059800F00300022842
:10A3B00016D1FFE744F20040C5F60200006800F441
:10A3C00000310020B0EB514F09D0FFE70A984068F8
:10A3D00028B9FFE701208DF82F0000F0C9BC84E008
:10A3E000FFE70A984068B0F5803F09D1FFE744F2E3
:10A3F0000041C5F60201086840F48030086032E090
:10A400000A98406868B9FFE744F20041C5F60201C6
:10A41000086820F480300860086820F48020086014
:10A4200020E00A984068B0F5A02F0DD1FFE744F274
:10A430000041C5F60201086840F480200860086801
:10A4400040F4803008600CE044F20041C5F602019F
:10A45000086820F480300860086820F480200860D4
:10A46000FFE7FFE7FFE7FFE70A984068F0B1FFE783
:10A47000FCF7E2FC0990FFE744F20040C5F6020059
:10A48000006800F400310020B0EB514F0DD1FFE720
:10A49000FCF7D2FC0999401A652805D3FFE7032091
:10A4A0008DF82F0000F064BCE6E71DE0FCF7C4FC6B
:10A4B0000990FFE744F20040C5F60200006800F48E
:10A4C00000310020B0EB514F0DD0FFE7FCF7B4FC9A
:10A4D0000999401A652805D3FFE703208DF82F005E
:10A4E00000F046BCE6E7FFE7FFE7FFE70A980078E1
:10A4F0008007002840F1C580FFE744F21040C5F610
:10A500000200006800F03800049044F22840C5F6CC
:10A51000020000680390049850B1FFE704981828DF
:10A5200050D1FFE79DF80C00800700284AD1FFE7D3
:10A5300044F20040C5F60200006800F0040100206B
:10A54000B0EB910F09D0FFE70A98C06828B9FFE780
:10A5500001208DF82F0000F00BBC44F20041C5F63D
:10A560000201086820F019000A9AD26810430860B6
:10A57000FCF762FC0990FFE744F20040C5F60200D8
:10A58000006800F004010020B0EB910F0CD1FFE750
:10A59000FCF752FC0999401A032804D3FFE7032073
:10A5A0008DF82F00E4E3E7E744F20441C5F6020129
:10A5B000086820F0FE400A9A126940EA02600860CA
:10A5C000FFE75DE00A98C068A0B3FFE744F20041EE
:10A5D000C5F60201086820F019000A9AD2681043F3
:10A5E0000860FCF729FC0990FFE744F20040C5F63B
:10A5F0000200006800F004010020B0EB910F0CD1C4
:10A60000FFE7FCF719FC0999401A032804D3FFE778
:10A6100003208DF82F00ABE3E7E744F20441C5F6D1
:10A620000201086820F0FE400A9A126940EA0260BE
:10A63000086024E044F20041C5F60201086820F0F9
:10A6400001000860FCF7F8FB0990FFE744F20040C6
:10A65000C5F60200006800F004010020B0EB910F85
:10A660000CD0FFE7FCF7E8FB0999401A032804D354
:10A67000FFE703208DF82F007AE3E7E7FFE7FFE726
:10A68000FFE70A980078C006002840F1A080FFE7A5
:10A6900044F21040C5F60200006800F03800029055
:10A6A00044F22840C5F6020000680190029808288C
:10A6B0000AD0FFE7029818282BD1FFE7019800F095
:10A6C0000300012825D1FFE744F20040C5F602004F
:10A6D000006800F480710020B0EB112F09D0FFE773
:10A6E0000A98C069802804D0FFE701208DF82F0068
:10A6F0003EE3FFE744F20C41C5F60201086820F092
:10A700007C500A9A126A40EA02600860FFE7FFE79D
:10A710005CE00A98C06998B3FFE744F20041C5F6CF
:10A720000201086840F080000860FCF785FB099092
:10A73000FFE744F20040C5F60200006800F48071B3
:10A740000020B0EB112F0CD1FFE7FCF775FB099946
:10A75000401A032804D3FFE703208DF82F0007E3F6
:10A76000E7E7FFE744F20C41C5F60201086820F074
:10A770007C500A9A126A40EA02600860FFE724E00F
:10A7800044F20041C5F60201086820F0800008602C
:10A79000FCF752FB0990FFE744F20040C5F60200C7
:10A7A000006800F480710020B0EB112F0CD0FFE79F
:10A7B000FCF742FB0999401A032804D3FFE7032062
:10A7C0008DF82F00D4E2E7E7FFE7FFE7FFE70A98FD
:10A7D0000078000700284FD5FFE70A98406928B3A2
:10A7E000FFE744F27441C5F60201086840F0010039
:10A7F0000860FCF721FB0990FFE744F27440C5F6BE
:10A800000200006800F002010020B0EB510F0CD1F3
:10A81000FFE7FCF711FB0999401A032804D3FFE76F
:10A8200003208DF82F00A3E2E7E724E044F274410F
:10A83000C5F60201086820F001000860FCF7FCFA88
:10A840000990FFE744F27440C5F60200006800F08A
:10A8500002010020B0EB510F0CD0FFE7FCF7ECFA3F
:10A860000999401A032804D3FFE703208DF82F002D
:10A870007EE2E7E7FFE7FFE70A9800788006002816
:10A880004FD5FFE70A98806928B3FFE744F20041FB
:10A89000C5F60201086840F480500860FCF7CCFA65
:10A8A0000990FFE744F20040C5F60200006800F49A
:10A8B00000510020B0EB513F0CD1FFE7FCF7BCFA90
:10A8C0000999401A032804D3FFE703208DF82F00CD
:10A8D0004EE2E7E724E044F20041C5F602010868D1
:10A8E00020F480500860FCF7A7FA0990FFE744F2D3
:10A8F0000040C5F60200006800F400510020B0EBF3
:10A90000513F0CD0FFE7FCF797FA0999401A03284A
:10A9100004D3FFE703208DF82F0029E2E7E7FFE7E4
:10A92000FFE70A9800784007002840F1A780FFE77A
:10A9300044F60001C5F60201086840F48070086022
:10A94000FCF77AFA0990FFE744F60000C5F602002A
:10A950000068C00500280CD4FFE7FCF76DFA0999E0
:10A96000401A652804D3FFE703208DF82F00FFE18C
:10A97000EAE7FFE70A988068012809D1FFE744F277
:10A980007041C5F60201086840F00100086031E03E
:10A990000A98806868B9FFE744F27041C5F6020181
:10A9A000086820F001000860086820F004000860D2
:10A9B0001FE00A98806805280DD1FFE744F2704136
:10A9C000C5F60201086840F004000860086840F01D
:10A9D000010008600CE044F27041C5F6020108680D
:10A9E00020F001000860086820F004000860FFE71C
:10A9F000FFE7FFE7FFE70A988068F8B1FFE7FCF799
:10AA00001BFA0990FFE744F27040C5F602000068A7
:10AA100000F002010020B0EB510F0ED1FFE7FCF770
:10AA20000BFA0999401A41F28931884204D3FFE7B1
:10AA300003208DF82F009BE1E5E71EE0FCF7FCF911
:10AA40000990FFE744F27040C5F60200006800F08C
:10AA500002010020B0EB510F0ED0FFE7FCF7ECF93C
:10AA60000999401A41F28931884204D3FFE7032053
:10AA70008DF82F007CE1E5E7FFE7FFE70A98406AE1
:10AA8000002800F07181FFE744F21040C5F6020093
:10AA9000006800F03800182800F0E080FFE70A980E
:10AAA000406A022840F0B480FFE744F20041C5F656
:10AAB0000201086820F080700860FCF7BDF9099079
:10AAC000FFE744F20040C5F60200006800F00071A4
:10AAD0000020B0EB516F0CD0FFE7FCF7ADF90999FE
:10AAE000401A032804D3FFE703208DF82F003FE12D
:10AAF000E7E7FFE744F22841C5F60201086840F2A3
:10AB0000F33290430A9B9A6ADB6A42EA03121043CB
:10AB100008600A99086BD1F834C08B6BCA6B013896
:10AB20006FF35F204FF60061CFF6FF7101EB4C2110
:10AB300089B208440021CFF6FF7101EB034101F413
:10AB4000FE0108444FF07F4101EB026101F0FE413C
:10AB5000084444F23041C5F602010860FFE744F2C0
:10AB60002C41C5F602010091086820F00100086040
:10AB700044F23442C5F6020210684FF6F873984367
:10AB80000A9B9B6C40EAC3001060086820F00C0030
:10AB90000A9A126C10430860086820F002000A9AB2
:10ABA000526C10430860086840F480300860086800
:10ABB00040F400300860086840F4802008600868AD
:10ABC00040F00100086044F20041C5F60201086847
:10ABD00040F080700860FCF72FF90990FFE744F21D
:10ABE0000040C5F60200006800F000710020B0EBE4
:10ABF000516F0CD1FFE7FCF71FF90999401A0328A0
:10AC000004D3FFE703208DF82F00B1E0E7E724E04D
:10AC100044F20041C5F60201086820F08070086027
:10AC2000FCF70AF90990FFE744F20040C5F602007C
:10AC3000006800F000710020B0EB516F0CD0FFE70E
:10AC4000FCF7FAF80999401A032804D3FFE7032018
:10AC50008DF82F008CE0E7E7FFE784E044F228401E
:10AC6000C5F602000068089044F23040C5F60200C4
:10AC7000006807900A98406A012837D0FFE70898D3
:10AC800000F003000A99896A88422FD1FFE70898EB
:10AC900000F47C710A98C06AB0EB111F26D1FFE75F
:10ACA00007986FF35F200A99096B013988421DD11B
:10ACB000FFE7BDF81C100A98406B0138B0EB512F2C
:10ACC00014D1FFE7079800F4FE010A98806B013861
:10ACD000B0EB114F0AD1FFE7079800F0FE410A9848
:10ACE000C06B0138B0EB116F04D0FFE701208DF885
:10ACF0002F003DE044F23440C5F60200006880B207
:10AD0000C00808900A98806C0899884229D0FFE70B
:10AD100044F22C41C5F60201086820F001000860E9
:10AD2000FCF78AF80990FFE7FCF786F80999401AC2
:10AD300008B9FFE7F8E744F23441C5F602010868B4
:10AD40004FF6F87290430A9A926C40EAC20008608B
:10AD500044F22C41C5F60201086840F00100086089
:10AD6000FFE7FFE7FFE7FFE700208DF82F00FFE791
:10AD70009DF82F000CB080BD80B586B00490039183
:10AD800002920193049820B9FFE701208DF8170083
:10AD900056E00498D0F8880040B9FFE704990020F5
:10ADA00081F88400049802F037F8FFE70499242022
:10ADB000C1F8880004980168086820F00100086064
:10ADC000049805F0C9FB012804D1FFE701208DF8A4
:10ADD000170035E00498806A20B1FFE7049805F079
:10ADE0002FF9FFE704980168886840F48040886084
:10ADF00004980068806820F400400399084304998F
:10AE0000096888600298400500900199009840EA1E
:10AE1000014000900498006800686FF319400099A1
:10AE2000084304990968086004980168086840F0BC
:10AE300001000860049805F0A7F98DF81700FFE7F6
:10AE40009DF8170006B080BD81B0009001B070473A
:10AE500080B588B007900798006800690690079849
:10AE60000068406905900698059908400490079885
:10AE700000688068039000200290079890F8810095
:10AE80008DF8070007980068303000909DF8150095
:10AE90000007002810D5FFE79DF8180000070028DC
:10AEA0000AD5FFE707980168886940F40060886167
:10AEB000079800F0C1FB91E19DF8100040060028C2
:10AEC00015D4FFE79DF81000800600280FD4FFE797
:10AED0009DF810004007002809D5FFE70798416F4B
:10AEE00088470798016F884701200290FFE79DF887
:10AEF00010004006002811D4FFE79DF81000C0079D
:10AF000060B1FFE79DF810004007002806D4FFE776
:10AF10000798016F884701200290FFE79DF8100015
:10AF20008006002812D4FFE79DF810008007002853
:10AF30000CD5FFE79DF810004007002806D4FFE776
:10AF40000798416F884701200290FFE7029808B1F7
:10AF5000FFE743E19DF810000007002840F18980D9
:10AF6000FFE707980168886940F008008861079842
:10AF70000168886940F01000886107980168886955
:10AF800040F40060886107980168086920F00800B3
:10AF9000086107980068806810F4404F3AD1FFE7D5
:10AFA000FFE70798B0F86A0098B3FFE70798C06812
:10AFB00010280BD3FFE707980068006B0799496ECC
:10AFC00008600799486E043048661BE00798C0681F
:10AFD00008280AD3FFE7009800880799496E08807F
:10AFE0000799486E023048660BE00798006890F8B1
:10AFF00030000799496E08700799486E013048661D
:10B00000FFE7FFE70799B1F86A000138A1F86A0085
:10B01000C7E7FFE7079803F0DBFD0799012081F8F8
:10B0200081000798D0F8840020B1FFE70798FFF768
:10B030000BFFD3E09DF80700052804D1FFE7079830
:10B0400000F062FD14E09DF80700042804D1FFE73A
:10B05000079800F0EDFA0AE09DF80700032804D1F4
:10B06000FFE7079800F04CFD00E0FFE7FFE7FFE790
:10B07000B4E0BDF8100010F4587F00F0AF80FFE797
:10B080009DF81000400600280ED5FFE70799D1F87B
:10B09000840040F00400C1F88400079801688869C2
:10B0A00040F040008861FFE79DF81100800700280C
:10B0B0000ED5FFE70799D1F8840040F00100C1F8F0
:10B0C000840007980168886940F400708861FFE790
:10B0D0009DF81100C00770B1FFE70799D1F884000F
:10B0E00040F00800C1F8840007980168886940F4BE
:10B0F00080708861FFE79DF81000800600280ED55B
:10B10000FFE70799D1F8840040F08000C1F884007F
:10B1100007980168886940F020008861FFE7079878
:10B12000D0F88400002858D0FFE707980168086825
:10B1300020F00100086007980168086940F26B324E
:10B1400090430861039800F44040B0F5404F3BD174
:10B15000FFE707980168886820F4404088600798F6
:10B16000C06FB0B1FFE70798C16F4EF6E940C0F677
:10B17000000008650798C06FF7F7FAFD40B1FFE7D8
:10B180000799D1F8840040F04000C1F88400FFE73F
:10B19000FFE70798806FB0B1FFE70798816F4EF621
:10B1A000E940C0F6000008650798806FF7F7E0FDFA
:10B1B00040B1FFE70799D1F8840040F04000C1F8A2
:10B1C0008400FFE7FFE707E00799012081F881008D
:10B1D0000798FFF739FEFFE7FFE7FFE708B080BDFC
:10B1E00080B586B00490049820B9FFE701208DF85F
:10B1F00017003AE10498406A08B9FFE7FFE70499AD
:10B20000002088620498006843F20001C4F2010142
:10B2100088421BD0FFE70498006843F60001C4F29F
:10B220000001884212D0FFE70498006843F600410D
:10B23000C4F20001884209D0FFE70498C0681028D2
:10B2400004D3FFE701208DF817000EE1049803F006
:10B2500063FD02900498006843F20001C4F201010A
:10B26000884216D0FFE70498006843F60001C4F254
:10B27000000188420DD0FFE70498006843F60041C2
:10B28000C4F20001884204D0FFE7029808281FD8C2
:10B29000FFE70498006843F20001C4F2010188420C
:10B2A00012D0FFE70498006843F60001C4F20001E1
:10B2B000884209D0FFE70498006843F60041C4F2D1
:10B2C0000001884208D1FFE70298112804D3FFE764
:10B2D00001208DF81700C8E0049890F8810040B96B
:10B2E000FFE70499002081F88000049800F0C4F87A
:10B2F000FFE70499022081F881000498016808683A
:10B3000020F00100086004980068806800F4F810DC
:10B31000039004988069B0F1806F1BD1FFE7049817
:10B320004068B0F5800F04D1FFE70498806B50B1FE
:10B33000FFE70498406868B9FFE70498806BB0F1B4
:10B34000805F07D1FFE704980168086840F48050E7
:10B350000860FFE7049880794006002810D5FFE7D1
:10B360000498C06807280BD3FFE7049800680068BA
:10B3700020F48070049A1168126D1043086006E092
:10B3800004980168086820F480700860FFE7049B57
:10B390001968DA68D869D3F828C040EA0C00DDF8EB
:10B3A0000CC040EA0C00DB6B184310438860049A21
:10B3B0000192506B516A0843916B084391690843AD
:10B3C0001168D2F804C09368D2F810E040EA0E0089
:10B3D000D2F814E040EA0E00D2F820E040EA0E0075
:10B3E00040EA0C00D2F84CC040EA0C001843936CC1
:10B3F0001843926D1043C8600498406898B9FFE7FD
:10B40000049800688068012161F3CC2004990968E0
:10B410008860049800688068022161F34A200499DA
:10B4200009688860FFE704980168086D20F0010052
:10B43000086504988079400600280BD5FFE704983A
:10B440000068C06820F00040049A1168526D1043F3
:10B45000C860FFE704990020C1F88400049A012124
:10B4600082F881108DF81700FFE79DF8170006B0ED
:10B4700080BD00000000000080B5C0B03F900020FB
:10B480003E903D903C903B903A900CA8B821F4F748
:10B4900083FF3F98006843F60001C4F20001884230
:10B4A00040F0C480FFE700200D904FF480510C91D4
:10B4B00023900CA8FDF7ECFA18B1FFE7F6F7E8FCCB
:10B4C000FFE7FFE744F2E840C5F60200016841F4F7
:10B4D00080410160006800F480400B900B98FFE70A
:10B4E000FFE744F2E040C5F60200016841F00401C4
:10B4F0000160006800F004000A900A98FFE7FFE787
:10B5000044F2E040C5F60200016841F0020101602A
:10B51000006800F0020009900998FFE706203A90C1
:10B52000022003903B90002007903C900320049061
:10B530003D90052005903E9040F60000C5F60200C3
:10B540003AA90691FBF774FADDF80CC0049A059845
:10B550000699079B4FF4005ECDF8E8E0CDF8ECC00B
:10B560003C933D923E9040F20040C5F60200FBF74E
:10B570005FFA079942F28050C2F200400890102210
:10B58000C4F202020260272242608160C1604FF46F
:10B590008062026141618161C1614FF440320262A7
:10B5A0004162F9F71DF818B1FFE7F6F771FCFFE704
:10B5B000FFE73F9842F28051C2F20041C1673F98D5
:10B5C0008863FFE742F2F850C2F20040029028215F
:10B5D000C4F2020101602821416040218160002104
:10B5E000C1604FF48062026141618161C1614FF4C9
:10B5F000003202624162F8F7F3FF18B1FFE7F6F795
:10B6000047FCFFE7FFE73F9842F2F851C2F20041E2
:10B6100081673F988863FFE724200190052100227D
:10B62000FBF7F6FC0198FBF7E7FCFFE740B080BDB5
:10B6300081B0009001B0704781B0009001B07047B8
:10B6400080B58EB0DDF840C00C900B910A92ADF839
:10B65000263000208DF825000C98006820300890D6
:10B660000C98006830300790FFE70C9890F8800045
:10B67000012804D1FFE702208DF8370039E20C9948
:10B68000012081F88000FFE7FFE7FBF7D5FB06907C
:10B69000BDF82600ADF81600BDF82600ADF8140080
:10B6A0000C9890F8810001280ED0FFE702208DF859
:10B6B0002500FFE70C99002081F88000FFE79DF846
:10B6C00025008DF8370014E20B9838B1FFE70A988F
:10B6D00020B1FFE7BDF8260070B9FFE701208DF823
:10B6E0002500FFE70C99002081F88000FFE79DF816
:10B6F00025008DF83700FCE10C99052081F88100C8
:10B700000C990020C1F884000A990C9A5166BDF882
:10B7100026100C9AA2F86A10BDF826100C9AA2F80E
:10B7200068100B990C9AD165BDF826100C9AA2F8F6
:10B730006210BDF826100C9AA2F860100C990867E8
:10B740000C9948670C980068C06820F4C0200C99D8
:10B750000968C8600C98006840684FF6FF7188431C
:10B76000BDF8261008440C99096848600C980168D7
:10B77000086840F0010008600C984068B0F5800F40
:10B7800007D1FFE70C980168086840F40070086072
:10B79000FFE70C98C06810287ED3FFE7FFE7BDF8ED
:10B7A00016100120049039B9FFE7BDF814000028F5
:10B7B00018BF01200490FFE70498C00700286AD052
:10B7C000FFE70C98006840698007002819D5FFE75B
:10B7D000BDF81600A8B1FFE70C980168C06D0068BD
:10B7E00008620C99C86D0430C8650C99B1F8620004
:10B7F0000138A1F862000C98B0F86200ADF81600AC
:10B80000FFE70C980068406948F2080108421AD026
:10B81000FFE7BDF81400B0B1FFE70C980068006BBB
:10B820000C99496E08600C99486E043048660C9972
:10B83000B1F86A000138A1F86A000C98B0F86A0003
:10B84000ADF81400FFE7FBF7F7FA0699401A1099D4
:10B85000884204D3FFE71098013018B9FFE7109829
:10B86000C0B9FFE70C9803F0B3F9FFE70C9900208B
:10B8700081F88000FFE70C99D1F8840040F48070D3
:10B88000C1F884000C99012081F8810003208DF813
:10B8900037002EE183E7FEE00C98C06808287BD3D0
:10B8A000FFE7FFE7BDF816100120039039B9FFE765
:10B8B000BDF81400002818BF01200390FFE703988B
:10B8C000C007002867D0FFE70C9800684069800730
:10B8D000002819D5FFE7BDF81600A8B1FFE70C98BE
:10B8E000C06D0088089908800C99C86D0230C86541
:10B8F0000C99B1F862000138A1F862000C98B0F818
:10B900006200ADF81600FFE70C9800684069C007B8
:10B91000C8B1FFE7BDF81400A8B1FFE70798008899
:10B920000C99496E08800C99486E023048660C9953
:10B93000B1F86A000138A1F86A000C98B0F86A0002
:10B94000ADF81400FFE7FBF777FA0699401A109953
:10B95000884204D3FFE71098013018B9FFE7109828
:10B96000C0B9FFE70C9803F033F9FFE70C9900200A
:10B9700081F88000FFE70C99D1F8840040F48070D2
:10B98000C1F884000C99012081F8810003208DF812
:10B990003700AEE086E77DE0FFE7BDF81610012036
:10B9A000029039B9FFE7BDF81400002818BF012044
:10B9B0000290FFE70298C00700286AD0FFE70C98C2
:10B9C00000684069800700281AD5FFE7BDF8160017
:10B9D000B0B1FFE70C980168C06D007881F82000D5
:10B9E0000C99C86D0130C8650C99B1F86200013836
:10B9F000A1F862000C98B0F86200ADF81600FFE7FD
:10BA00000C9800684069C007D8B1FFE7BDF8140082
:10BA1000B8B1FFE70C98006890F830000C99496EB7
:10BA200008700C99486E013048660C99B1F86A00AC
:10BA30000138A1F86A000C98B0F86A00ADF814005B
:10BA4000FFE7FBF7F9F90699401A1099884204D3E9
:10BA5000FFE71098013018B9FFE71098C0B9FFE769
:10BA60000C9803F0B5F8FFE70C99002081F88000EE
:10BA7000FFE70C99D1F8840040F48070C1F884008D
:10BA80000C99012081F8810003208DF8370030E007
:10BA900083E7FFE7FFE70C98109B06996A46116061
:10BAA0000821002203F050F940B1FFE70C99D1F8CA
:10BAB000840040F02000C1F88400FFE70C9803F0F8
:10BAC00087F8FFE70C99002081F88000FFE70C99C8
:10BAD000012081F881000C98D0F8840020B1FFE7A4
:10BAE00001208DF8370004E09DF825008DF837001F
:10BAF000FFE79DF837000EB080BD00000000000099
:10BB000081B0009001B0704781B0009001B07047E3
:10BB100081B0009001B0704781B0009001B07047D3
:10BB200081B0009001B0704785B003900291FFE7AB
:10BB3000039890F83C00012804D1FFE702208DF81B
:10BB40001300ABE00399012081F83C00FFE7FFE719
:10BB50000399022081F83D00039800684068019035
:10BB60000398006880680090039800680021C4F280
:10BB70000101884209D0FFE70398006840F20041C4
:10BB8000C4F2010188420AD1FFE7019820F4700055
:10BB9000019002984168019808430190FFE70198DD
:10BBA00020F070000190029801680198084301900C
:10BBB0000198039909684860039800680021C4F25D
:10BBC000010188424ED0FFE703980068B0F1804F32
:10BBD00048D0FFE70398006840F20041C4F200013A
:10BBE00088423FD0FFE70398006840F60001C4F2A6
:10BBF0000001884236D0FFE70398006840F6004114
:10BC0000C4F2000188422DD0FFE70398006840F29B
:10BC10000041C4F20101884224D0FFE70398006884
:10BC200041F60001C4F2000188421BD0FFE70398EF
:10BC3000006844F20001C4F20101884212D0FFE71B
:10BC4000039800684EF20001C4F20001884209D056
:10BC5000FFE7039800684EF20041C4F200018842F9
:10BC60000ED1FFE7009820F08000009002988168D4
:10BC70000098084300900098039909688860FFE7DE
:10BC80000399012081F83D00FFE70399002081F826
:10BC90003C00FFE700208DF81300FFE79DF813003C
:10BCA00005B070470000000080B582B00090009899
:10BCB00020B9FFE701208DF8070045E0009890F8D3
:10BCC0003D0040B9FFE70099002081F83C00009852
:10BCD00000F03EF8FFE70099022081F83D0000994E
:10BCE00051F8040B03F000FD0099012081F8480091
:10BCF000FFE70099012081F83E00009981F83F009C
:10BD0000009981F84000009981F84100009981F87C
:10BD10004200009981F84300FFE7FFE70099012006
:10BD200081F84400009981F84500009981F84600A7
:10BD3000009981F84700FFE70099012081F83D0054
:10BD400000208DF80700FFE79DF8070002B080BDD6
:10BD500081B0009001B0704783B00190019890F8D5
:10BD60003D00012804D0FFE701208DF80B0083E09F
:10BD70000199022081F83D0001980168C86840F0EF
:10BD80000100C860019800680021C4F201018842E6
:10BD90004ED0FFE701980068B0F1804F48D0FFE730
:10BDA0000198006840F20041C4F2000188423FD08F
:10BDB000FFE70198006840F60001C4F200018842E4
:10BDC00036D0FFE70198006840F60041C4F2000158
:10BDD00088422DD0FFE70198006840F20041C4F28C
:10BDE0000101884224D0FFE70198006841F6000174
:10BDF000C4F2000188421BD0FFE70198006844F2BA
:10BE00000001C4F20101884212D0FFE701980068E6
:10BE10004EF20001C4F20001884209D0FFE7019808
:10BE200000684EF20041C4F20001884219D1FFE7D8
:10BE30000198006880680721C0F201010840009065
:10BE4000009806280CD0FFE70098B0F5803F07D097
:10BE5000FFE701980168086840F001000860FFE70B
:10BE600006E001980168086840F001000860FFE7FB
:10BE700000208DF80B00FFE79DF80B0003B0704722
:10BE800081B0009001B0704780B582B001900198F8
:10BE90000068006900F002010020B0EB510F28D0CB
:10BEA000FFE701980068C06800F002010020B0EBD5
:10BEB000510F1DD0FFE7019801686FF00200086183
:10BEC000019901200877019800688069800720B1F6
:10BED000FFE70198FFF7D4FF06E0019800F064F94E
:10BEE000019800F0B1FAFFE7019900200877FFE719
:10BEF000FFE701980068006900F004010020B0EB42
:10BF0000910F29D0FFE701980068C06800F0040194
:10BF10000020B0EB910F1ED0FFE7019801686FF091
:10BF2000040008610199022008770198006880697F
:10BF300010F4407F04D0FFE70198FFF7A1FF06E06F
:10BF4000019800F031F9019800F07EFAFFE70199BD
:10BF500000200877FFE7FFE701980068006900F01C
:10BF600008010020B0EBD10F28D0FFE7019800684E
:10BF7000C06800F008010020B0EBD10F1DD0FFE732
:10BF8000019801686FF008000861019904200877A2
:10BF900001980068C069800720B1FFE70198FFF7AA
:10BFA0006FFF06E0019800F0FFF8019800F04CFAEE
:10BFB000FFE7019900200877FFE7FFE70198006895
:10BFC000006900F010010020B0EB111F29D0FFE73D
:10BFD00001980068C06800F010010020B0EB111F4C
:10BFE0001ED0FFE7019801686FF010000861019909
:10BFF0000820087701980068C06910F4407F04D0D9
:10C00000FFE70198FFF73CFF06E0019800F0CCF84D
:10C01000019800F019FAFFE7019900200877FFE77F
:10C02000FFE7019800680069C00780B1FFE7019849
:10C030000068C068C00748B1FFE7019801686FF069
:10C0400001000861019800F003FAFFE7FFE701989B
:10C0500000680069C1B20020B0EBD11F13D0FFE728
:10C0600001980068C068C1B20020B0EBD11F09D0B0
:10C07000FFE7019801686FF0800008610198FFF701
:10C080004BFDFFE7FFE701980068006900F480714D
:10C090000020B0EB112F13D0FFE701980068C068B3
:10C0A000C1B20020B0EBD11F09D0FFE701980168B1
:10C0B0006FF4807008610198FFF72AFDFFE7FFE742
:10C0C00001980068006900F040010020B0EB911F6A
:10C0D00014D0FFE701980068C06800F0400100201C
:10C0E000B0EB911F09D0FFE7019801686FF04000A5
:10C0F0000861019800F0BCF9FFE7FFE701980068CC
:10C10000006900F020010020B0EB511F14D0FFE7C0
:10C1100001980068C06800F020010020B0EB511FBA
:10C1200009D0FFE7019801686FF0200008610198CD
:10C13000FFF7F6FCFFE7FFE702B080BD000000005C
:10C1400080B588B007900020069005900490039079
:10C1500002900798006840F20041C4F20001884252
:10C160001ED1FFE7FFE744F2E040C5F60200016898
:10C1700041F002010160006800F0020001900198A6
:10C18000FFE70220029003900021049105910690A0
:10C1900040F20040C5F6020002A9FAF749FCFFE7A9
:10C1A00008B080BD0000000081B0009001B0704771
:10C1B00080B586B004900391029200208DF80700AC
:10C1C000FFE7049890F83C00012804D1FFE7022023
:10C1D0008DF81700C0E00499012081F83C00FFE7CA
:10C1E000FFE702980090142800F2A7800099DFE88A
:10C1F00001F00BA4A4A424A4A4A43EA4A4A457A422
:10C20000A4A471A4A4A48A0004980068039903F06C
:10C210004BFB04980168886940F008008861049825
:10C220000168886920F00400886103980269049815
:10C23000016888691043886183E004980068039965
:10C2400003F0DAFB04980168886940F400608861B3
:10C2500004980168886920F4806088610398026905
:10C2600004980168886940EA0220886169E00498BE
:10C270000068039903F078FC04980168C86940F0ED
:10C280000800C86104980168C86920F00400C8610A
:10C290000398026904980168C8691043C86150E0B6
:10C2A00004980068039903F017FD04980168C869B1
:10C2B00040F40060C86104980168C86920F4806097
:10C2C000C8610398026904980168C86940EA0220BD
:10C2D000C86136E004980068039903F06DFD049886
:10C2E0000168486D40F00800486504980168486D91
:10C2F00020F0040048650398026904980168486DBD
:10C30000104348651DE004980068039903F0BCFDE4
:10C3100004980168486D40F400604865049801681D
:10C32000486D20F4806048650398026904980168AC
:10C33000486D40EA0220486503E001208DF80700BF
:10C34000FFE7FFE70499002081F83C00FFE79DF834
:10C3500007008DF81700FFE79DF8170006B080BDB5
:10C3600080B582B00090009820B9FFE701208DF8D9
:10C37000070045E0009890F83D0040B9FFE70099BC
:10C38000002081F83C00009800F03EF8FFE700999B
:10C39000022081F83D00009951F8040B03F0A4F944
:10C3A0000099012081F84800FFE70099012081F8F9
:10C3B0003E00009981F83F00009981F84000009903
:10C3C00081F84100009981F84200009981F843000A
:10C3D000FFE7FFE70099012081F84400009981F808
:10C3E0004500009981F84600009981F84700FFE771
:10C3F0000099012081F83D0000208DF80700FFE73B
:10C400009DF8070002B080BD82B0019001980068DD
:10C4100040F20041C4F20001884210D1FFE7FFE77B
:10C4200044F2E840C5F60200016841F002010160F3
:10C43000006800F0020000900098FFE7FFE702B0FC
:10C44000704700000000000081B0009001B070470C
:10C4500080B582B0019001980068B0F1804F03D19F
:10C46000FFE7FAF7F1FCFFE702B080BD0000000033
:10C4700081B0009001B0704783B00190FFE7019850
:10C4800090F88400012804D1FFE702208DF80B000A
:10C490002CE00199012081F88400FFE7FFE7019972
:10C4A0002420C1F888000198006800680090019875
:10C4B0000168086820F001000860009820F0005032
:10C4C0000090019900204866009801990968086069
:10C4D00001992020C1F88800FFE70199002081F828
:10C4E0008400FFE700208DF80B00FFE79DF80B00AC
:10C4F00003B070470000000080B582B00190ADF835
:10C500000210019843F2FC11C2F20041884206D1A8
:10C51000FFE70198BDF8021009F016FD1DE0019833
:10C5200043F26811C2F20041884206D1FFE7019848
:10C53000BDF8021009F014F90EE0019843F2D4019D
:10C54000C2F20041884206D1FFE70198BDF802100F
:10C5500008F01EFDFFE7FFE7FFE702B080BD000027
:10C5600081B0009001B0704780B584B00290019115
:10C57000FFE7029890F88400012804D1FFE7022029
:10C580008DF80F0032E00299012081F88400FFE766
:10C59000FFE702992420C1F888000298006800682B
:10C5A000009002980168086820F001000860029875
:10C5B0000068806820F0606001990843029909686A
:10C5C0008860029803F0F8FC0098029909680860F6
:10C5D00002992020C1F88800FFE70299002081F825
:10C5E0008400FFE700208DF80F00FFE79DF80F00A3
:10C5F00004B080BD0000000080B584B002900191BD
:10C60000FFE7029890F88400012804D1FFE7022098
:10C610008DF80F0032E00299012081F88400FFE7D5
:10C62000FFE702992420C1F888000298006800689A
:10C63000009002980168086820F0010008600298E4
:10C640000068806820F060400199084302990968F9
:10C650008860029803F0B0FC0098029909680860AD
:10C6600002992020C1F88800FFE70299002081F894
:10C670008400FFE700208DF80F00FFE79DF80F0012
:10C6800004B080BD0000000081B0009001B0704790
:10C6900081B0009001B0704781B0009001B0704748
:10C6A00080B592B0119011980068C06910901198EF
:10C6B000006800680F901198006880680E901098CC
:10C6C00040F60F0108400D900D98E0B9FFE79DF886
:10C6D00040008006002815D5FFE79DF83C00800645
:10C6E000002806D4FFE79DF83B00C006002809D5C6
:10C6F000FFE71198406F20B1FFE71198416F88471D
:10C70000FFE72FE3FFE70D98002800F00C81FFE71B
:10C710000E980121C1F20001084209D1FFE70F98EC
:10C7200040F22011C0F20041084200F0FC80FFE717
:10C730009DF84000C00788B1FFE79DF83D00C007A5
:10C7400060B1FFE711980168012008621199D1F8E2
:10C75000900040F00100C1F89000FFE79DF8400014
:10C760008007002811D5FFE79DF83800C00760B1A9
:10C77000FFE711980168022008621199D1F8900032
:10C7800040F00400C1F89000FFE79DF8400040072A
:10C79000002811D5FFE79DF83800C00760B1FFE71A
:10C7A00011980168042008621199D1F8900040F0B6
:10C7B0000200C1F89000FFE79DF840000007002844
:10C7C00019D5FFE79DF83C008006002807D4FFE755
:10C7D0000E980121C1F2000108420CD0FFE7119828
:10C7E0000168082008621199D1F8900040F0080013
:10C7F000C1F89000FFE79DF841000007002813D51D
:10C80000FFE79DF83F00400700280DD5FFE711988E
:10C8100001684FF4006008621199D1F8900040F06F
:10C820002000C1F89000FFE71198D0F89000002890
:10C8300078D0FFE79DF840008006002815D5FFE777
:10C840009DF83C008006002806D4FFE79DF83B00D9
:10C85000C006002809D5FFE71198406F20B1FFE717
:10C860001198416F8847FFE7FFE71198D0F89000D3
:10C870000C9011980068806800F04000402806D0B5
:10C88000FFE79DF8300010F0280F42D0FFE7119825
:10C8900003F0BEFD1198006880684006002833D57B
:10C8A000FFE7FFE7FFE71198006850E8020F20F06C
:10C8B00040000B90FFE70B991198026842E80210C4
:10C8C0000028F0D1FFE7FFE71198D0F88000B0B161
:10C8D000FFE71198D0F8801040F2D120C0F6010097
:10C8E00008651198D0F88000F6F742FA30B1FFE7FA
:10C8F0001198D0F88000016D8847FFE703E0119898
:10C90000FFF7CAFEFFE703E01198FFF7C5FEFFE758
:10C9100007E01198FFF7C0FE11990020C1F89000C0
:10C92000FFE7FFE71EE21198C06E012840F0BB81CF
:10C93000FFE79DF84000C006002840F1B481FFE702
:10C940009DF83C00C006002840F1AD81FFE711983A
:10C95000016810200862119800688068400600286D
:10C9600040F13F81FFE71198D0F880000068102166
:10C97000C4F20201884200F0A280FFE71198D0F8CB
:10C98000800000682821C4F20201884200F09780EC
:10C99000FFE71198D0F8800000684021C4F202013E
:10C9A000884200F08C80FFE71198D0F88000006882
:10C9B0005821C4F20201884200F08180FFE71198FB
:10C9C000D0F8800000687021C4F20201884276D05D
:10C9D000FFE71198D0F8800000688821C4F20201B6
:10C9E00088426CD0FFE71198D0F880000068A02141
:10C9F000C4F20201884262D0FFE71198D0F88000AB
:10CA00000068B821C4F20201884258D0FFE71198AB
:10CA1000D0F88000006840F21041C4F20201884260
:10CA20004DD0FFE71198D0F88000006840F228410F
:10CA3000C4F20201884242D0FFE71198D0F880008A
:10CA4000006840F24041C4F20201884237D0FFE75B
:10CA50001198D0F88000006840F25841C4F20201F9
:10CA600088422CD0FFE71198D0F88000006840F28F
:10CA70007041C4F20201884221D0FFE71198D0F83A
:10CA80008000006840F28841C4F20201884216D05A
:10CA9000FFE71198D0F88000006840F2A041C4F28E
:10CAA000020188420BD0FFE71198D0F8800000689F
:10CAB00040F2B841C4F20201884207D1FFE7119861
:10CAC000D0F8800000684068019006E01198D0F826
:10CAD0008000006840680190FFE70198ADF82A00E7
:10CAE000BDF82A0000287BD0FFE7BDF82A00119985
:10CAF000B1F85C10884273DAFFE7BDF82A0011999B
:10CB0000A1F85E001198D0F88000C069B0F5807F70
:10CB100059D0FFE7FFE7FFE71198006850E8000FE2
:10CB200020F480700990FFE709991198026842E8A3
:10CB300000100028F0D1FFE7FFE7FFE7FFE71198BB
:10CB4000006850E8020F20F001000890FFE7089904
:10CB50001198026842E802100028F0D1FFE7FFE7D1
:10CB6000FFE7FFE71198006850E8020F20F040004F
:10CB70000790FFE707991198026842E80210002821
:10CB8000F0D1FFE7FFE711992020C1F88C0011993F
:10CB90000020C866FFE7FFE71198006850E8000F23
:10CBA00020F010000690FFE706991198026842E80D
:10CBB00000100028F0D1FFE7FFE71198D0F88000BF
:10CBC000F5F71AFCFFE71199022008671198B0F8F1
:10CBD0005C10B0F85E20891A89B2FFF78DFCFFE780
:10CBE000C0E01199B1F85C00B1F85E10401AADF8E0
:10CBF00016001198B0F85E00002853D0FFE7BDF88A
:10CC0000160000284ED0FFE7FFE7FFE71198006805
:10CC100050E8000F20F490700490FFE704991198F9
:10CC2000026842E800100028F0D1FFE7FFE7FFE7C5
:10CC3000FFE71198006850E8020F4FF6FE71CEF63C
:10CC4000FF7108400390FFE703991198026842E8DA
:10CC500002100028EDD1FFE7FFE711992020C1F86D
:10CC60008C0011990020C86611994867FFE7FFE71B
:10CC70001198006850E8000F20F010000290FFE7C4
:10CC800002991198026842E800100028F0D1FFE7ED
:10CC9000FFE71199022008671198BDF81610FFF7F9
:10CCA0002BFCFFE75EE09DF84200C00600280FD590
:10CCB000FFE79DF83A004006002809D5FFE71198E4
:10CCC00001684FF4801008621198FFF7E1FC49E019
:10CCD0009DF840000006002815D5FFE79DF83C00B0
:10CCE0000006002806D4FFE79DF83A000006002859
:10CCF00009D5FFE71198806F20B1FFE71198816F88
:10CD00008847FFE72EE09DF84000400600280AD53E
:10CD1000FFE79DF83C004006002804D5FFE7119886
:10CD200003F0C6FB1EE09DF84200000600280AD56D
:10CD3000FFE79DF83F004006002804D5FFE7119863
:10CD4000FFF7A2FC0EE09DF84300C00750B1FFE7DB
:10CD50009DF83F000006002804D5FFE71198FFF773
:10CD6000FFFBFFE712B080BD80B582B00090009855
:10CD700020B9FFE701208DF8070046E000988069A0
:10CD800008B1FFE700E0FFE70098D0F8880040B95D
:10CD9000FFE70099002081F88400009800F03CF83B
:10CDA000FFE700992420C1F888000098016808680E
:10CDB00020F001000860009803F0CEFB012804D1A8
:10CDC000FFE701208DF807001FE00098806A20B17E
:10CDD000FFE7009803F034F9FFE70098016848681E
:10CDE00020F49040486000980168886820F02A008C
:10CDF000886000980168086840F0010008600098A9
:10CE000003F0C2F98DF80700FFE79DF8070002B0B4
:10CE100080BD00000000000080B5CCB04B90002029
:10CE20004A90499048904790469018A8B821F3F747
:10CE3000B3FA4B98006845F20001C4F20001884241
:10CE400040F09880FFE7002019900221189135905A
:10CE500018A8FBF71DFE18B1FFE7F5F719F8FFE773
:10CE6000FFE744F2E840C5F60200016841F4801192
:10CE70000160006800F4801017901798FFE7FFE743
:10CE800044F2E040C5F60200016841F0040101608F
:10CE9000006800F0040016901698FFE7FFE744F2E0
:10CEA000E040C5F60200016841F008010160006839
:10CEB00000F0080015901598FFE74FF48050469059
:10CEC00002200C90479000200F9048904990082035
:10CED0000D904A9040F60000C5F6020046A90E915A
:10CEE000F9F7A6FD0C9B0D980E990F9A4FF0040CC4
:10CEF000CDF818C14793489249924A9040F60040B5
:10CF0000C5F60200F9F794FD0F9942F27060C2F283
:10CF1000004010904022C4F20202026041224260AE
:10CF20008160C1604FF480620261416181614FF4B0
:10CF30008072C2614FF4403202624162F7F750FBE7
:10CF400018B1FFE7F4F7A4FFFFE7FFE74B9842F2C1
:10CF50007061C2F20041C0F880104B988863FFE70F
:10CF600035200B9005210022FAF752F80B98FAF7BA
:10CF700043F85EE14B98006844F20041C4F20001BE
:10CF8000884240F09D80FFE700201990022118910F
:10CF9000359018A8FBF77CFD18B1FFE7F4F778FF90
:10CFA000FFE7FFE744F2E840C5F60200016841F4FC
:10CFB00000310160006800F4003014901498FFE71D
:10CFC000FFE744F2E040C5F60200016841F00801C5
:10CFD0000160006800F0080013901398FFE77020CC
:10CFE00046900220479000200990489049900720E1
:10CFF0004A9040F60040C5F6020046A9F9F718FD30
:10D00000099942F2D870C2F200400A905822C4F244
:10D01000020202602B2242608160C1604FF4806294
:10D020000261416181614FF48072C2614FF400324C
:10D0300002624162F7F7D4FA18B1FFE7F4F728FF6C
:10D04000FFE7FFE74B9842F2D871C2F20041C0F807
:10D0500080104B988863FFE742F65000C2F2004010
:10D0600008907021C4F2020101602C21416040212E
:10D0700081600021C1604FF4806202614161816181
:10D08000C1614FF4003202624162F7F7A9FA18B1A8
:10D09000FFE7F4F7FDFEFFE7FFE74B9842F650018C
:10D0A000C2F20041C1674B988863FFE726200790D2
:10D0B00005210022F9F7ACFF0798F9F79DFFB7E0CB
:10D0C0004B98006841F60041C4F20101884240F0EB
:10D0D000AE80FFE70020199001211891369018A822
:10D0E000FBF7D6FC18B1FFE7F4F7D2FEFFE7FFE746
:10D0F00044F2F040C5F60200016841F08001016091
:10D10000006800F0800012901298FFE7FFE744F2F9
:10D11000E040C5F60200016841F0100101600068BE
:10D1200000F0100011901198FFE7042046900221B2
:10D130000291479100210591489149914A9041F20D
:10D140000000C5F60200039046A90491F9F770FCAF
:10D15000029B03980499059A4FF0080CCDF818C16A
:10D160004793489249920B224A92F9F761FC05993C
:10D1700042F2E860C2F2004006908822C4F2020245
:10D180000260762242608160C1604FF48062026179
:10D19000416181614FF48072C2614FF400320262DA
:10D1A0004162F7F71DFA18B1FFE7F4F771FEFFE7E8
:10D1B000FFE74B9842F2E861C2F20041C0F88010EC
:10D1C0004B988863FFE742F26070C2F20040019022
:10D1D000A021C4F2020101607721416040218160F9
:10D1E0000021C1604FF48062026141618161C161CF
:10D1F0004FF4003202624162F7F7F2F918B1FFE72B
:10D20000F4F746FEFFE7FFE74B9842F26071C2F287
:10D210000041C1674B988863FFE79C20009005217F
:10D220000022F9F7F5FE0098F9F7E6FEFFE7FFE7C1
:10D23000FFE74CB080BD000080B586B0049003913C
:10D24000ADF80A200498D0F88800202870D1FFE7B4
:10D25000039820B1FFE7BDF80A0020B9FFE70120DD
:10D260008DF8170068E0039804990865BDF80A0076
:10D270000499A1F85400BDF80A000499A1F85600D9
:10D2800004990020C1F8900004992120C1F8880079
:10D290000498C06F88B3FFE70498C16F40F27930FB
:10D2A000C0F60100C8630498C16F40F2F930C0F6BF
:10D2B000010008640498C16F40F2F920C0F6010033
:10D2C000C8640498C16F0020086504980268016D65
:10D2D000C06F2832BDF80A30F7F736FE60B1FFE7BD
:10D2E00004991020C1F8900004992020C1F888000A
:10D2F00001208DF817001FE0FFE704980168402027
:10D300000862FFE7FFE70498006850E8020F40F06A
:10D3100080000190FFE701990498026842E802103A
:10D320000028F0D1FFE7FFE700208DF8170003E0A9
:10D3300002208DF81700FFE79DF8170006B080BDAA
:10D3400081B0009001B0704781B0009001B070478B
:10D35000FFE7FEE70000000083B0029001918DF826
:10D36000032000208DF80200FFE79DF802009DF8E1
:10D370000310884229DAFFE70298000F092809D82C
:10D38000FFE70298000F303001999DF8022001F864
:10D39000120009E00299372000EB117001999DF805
:10D3A000022001F81200FFE70298000102900198A4
:10D3B0009DF8021000EB410100204870FFE79DF846
:10D3C000020001308DF80200CFE703B07047000083
:10D3D00080B58CB0FFE744F2D840C5F60200016882
:10D3E00041F001010160006800F001000B900B9812
:10D3F000FFE70B2001900621029100220992F9F724
:10D4000007FE0198F9F7F8FD0299099A0C2003909C
:10D41000F9F7FEFD0398F9F7EFFD099A0D20049046
:10D4200005210891F9F7F4FD0498F9F7E5FD08994D
:10D43000099A0E200590F9F7EBFD0598F9F7DCFD48
:10D440000899099A0F200690F9F7E2FD0698F9F776
:10D45000D3FD0899099A10200790F9F7D9FD07988C
:10D46000F9F7CAFD0899099A11200A90F9F7D0FD39
:10D470000A98F9F7C1FD0CB080BD00000000000063
:10D4800080B582B042F6C800C2F2004000904AF275
:10D490000001C4F200010160002201928260C260BA
:10D4A0000274427482744FF0030CC0F814C00A2155
:10D4B00081611D23C3610162C0F824C08162C3621F
:10D4C0000163052141638163C1630423036408216F
:10D4D00041648264C164026543658265C265016618
:10D4E00042668166F8F7A0FE18B1FFE7F4F7D0FCBA
:10D4F000FFE702B080BD000080B582B042F6681040
:10D50000C2F2004000904AF20041C4F20001016002
:10D51000002201928260C2600274427482744FF0F1
:10D52000030CC0F814C00A2181611D23C36101628C
:10D53000C0F824C08162C362016340F25631416386
:10D5400005218163C1630264042343648364082169
:10D55000C164026543658265C26503664266816691
:10D56000F8F762FE18B1FFE7F4F792FCFFE702B0AC
:10D5700080BD00000000000080B582B042F60820A7
:10D58000C2F2004000904DF20041C4F2000101607F
:10D59000002201928260C2600274427482744FF071
:10D5A000030CC0F814C00A2383611D21C16103620A
:10D5B000C0F824C08362C1620521016340F2AD63FB
:10D5C00043638163C163042303640821416482646B
:10D5D000C364026543658265C2650366426681660F
:10D5E000F8F722FE18B1FFE7F4F752FCFFE702B0AC
:10D5F00080BD00000000000080B590B048F2402CD3
:10D60000C0F6010CDCF80000DCF80410DCF808209F
:10D61000DCF80C30DCF810C0CDF83CC00E930D9255
:10D620000C910B900BA80021009109F0EDFB0099E3
:10D6300042F2CC12C2F20042106048F2182EC0F63C
:10D64000010EDEF80000DEF80420DEF80830DEF817
:10D650000CC0DEF810E0CDF828E0CDF824C0089327
:10D660000792069006A809F0CFFB009940F64442C5
:10D67000C2F20042106048F22C2EC0F6010EDEF815
:10D680000000DEF80420DEF80830DEF80CC0DEF81A
:10D6900010E0CDF814E0CDF810C003930292019091
:10D6A00001A809F0B1FB40F6BC41C2F2004108609C
:10D6B00010B080BD0000000080B594B00020139031
:10D6C0001290119010900F90FFE744F2E040C5F6E1
:10D6D0000200016841F010010160006800F01000D4
:10D6E0000E900E98FFE7FFE744F2E040C5F6020017
:10D6F000016841F004010160006800F004000D9031
:10D700000D98FFE7FFE744F2E040C5F6020001682C
:10D7100041F080010160006800F080000C900C98DE
:10D72000FFE7FFE744F2E040C5F60200016841F080
:10D7300001010160006800F001000B900B98FFE709
:10D74000FFE744F2E040C5F60200016841F0020143
:10D750000160006800F002000A900A98FFE7FFE706
:10D7600044F2E040C5F60200016841F008010160A2
:10D77000006800F0080009900998FFE740F60000F3
:10D78000C5F6020000904FF4C04100220592F9F75F
:10D790003BFB009848F2090101220692F9F734FB9D
:10D7A000069A0020C5F6020002900421F9F72CFB2E
:10D7B000059A41F20000C5F6020007904FF400718F
:10D7C0000391F9F721FB0298059A05210191F9F7D8
:10D7D0001BFB00980599069A4FF460430F93109233
:10D7E000119112910FA90891F9F722F90098059A61
:10D7F000069B08994FF0090CCDF83CC0109311928C
:10D80000032204921292F9F713F9DDF804C002988A
:10D81000049A069B0899CDF83CC01093119312927C
:10D82000F9F706F9DDF80CC0049A069B07980899E9
:10D83000CDF83CC0109311931292F9F7F9F8059ABC
:10D84000079808994FF4A0530F934FF4881310933F
:10D850001192F9F7EDF8059B069A079808994FF48D
:10D86000005CCDF83CC010931192F9F7E1F814B0C8
:10D8700080BD00000000000080B582B042F6B470A8
:10D88000C2F20040009043F60001C4F200010160C2
:10D890004FF4800141600021019181600722C26044
:10D8A0004FF0007202614FF0807242614FF080626F
:10D8B00082614FF08042C261016241628162C16255
:10D8C00042638163C163016441648164C164016531
:10D8D00041658165FDF784FC18B1FFE7F4F7D8FADC
:10D8E000FFE702B080BD000080B58CB0002101913F
:10D8F0000B910A9109910891079106910591049164
:10D900000391029143F28800C2F2004040F20042CB
:10D91000C4F20002026017224260816042F20F727C
:10D92000C260016180218161FEF71AFD18B1FFE735
:10D93000F4F7AEFAFFE7002009900B9043F288005D
:10D94000C2F2004009A9FEF7EFF818B1FFE7F4F7BB
:10D950009FFAFFE760200290002003900490069059
:10D9600043F28800C2F2004002A90C22FEF720FC1C
:10D9700018B1FFE7F4F78CFAFFE743F28800C2F230
:10D980000040FEF7DDFB0CB080BD00000000000091
:10D9900080B582B043F2FC10C2F20040019045F223
:10D9A0000001C4F20001016048F2A061C0F201016F
:10D9B00041604FF4805181604FF40051C1604FF4D9
:10D9C000806101610421416100218161C1610162C5
:10D9D00041628162FFF7C8F918B1FFE7F4F758FA1E
:10D9E000FFE743F2FC10C2F200400021FEF704FE04
:10D9F00018B1FFE7F4F74CFAFFE743F2FC10C2F26C
:10DA000000400021FEF7B0FD18B1FFE7F4F740FA3F
:10DA1000FFE743F2FC10C2F20040FEF72DFD18B103
:10DA2000FFE7F4F735FAFFE702B080BD0000000021
:10DA300080B582B043F2D400C2F20040009041F6BB
:10DA40000041C4F2010101604FF4E1314160002165
:10DA500001918160C16001610C2242618161C161FB
:10DA6000016241628162FFF77FF918B1FFE7F4F7C5
:10DA70000FFAFFE743F2D400C2F200400021FEF7A4
:10DA8000BBFD18B1FFE7F4F703FAFFE743F2D40058
:10DA9000C2F200400021FEF767FD18B1FFE7F4F77E
:10DAA000F7F9FFE743F2D400C2F20040FEF7E4FCCE
:10DAB00018B1FFE7F4F7ECF9FFE702B080BD000012
:10DAC00080B582B043F26810C2F20040009044F288
:10DAD0000041C4F20001016040F60011C0F23D01B6
:10DAE0004160002301938360C36003610C214161A5
:10DAF0008361C36103624362836219461A46FDF77C
:10DB00003BF918B1FFE7F4F7C3F9FFE743F26810F8
:10DB1000C2F200400021FEF76FFD18B1FFE7F4F7F5
:10DB2000B7F9FFE743F26810C2F200400021FEF7A8
:10DB30001BFD18B1FFE7F4F7ABF9FFE743F26810FC
:10DB4000C2F20040FEF798FC18B1FFE7F4F7A0F925
:10DB5000FFE702B080BD000080B542F2A420C2F20F
:10DB6000004040F66421C2F20041012204F0DCFDD5
:10DB700018B1FFE7F4F78CF9FFE742F2A420C2F2F4
:10DB8000004040F6CC21C2F2004105F0F9FA18B18C
:10DB9000FFE7F4F77DF9FFE742F2A420C2F200406C
:10DBA00040F66831C2F2004103F0BEFF18B1FFE752
:10DBB000F4F76EF9FFE742F2A420C2F2004005F04C
:10DBC0006FFC18B1FFE7F4F763F9FFE7FAF790FC91
:10DBD00080BD00000000000080B58CB00B908DED82
:10DBE0000A0ACDED090A8DED081A9DED0A0A9DED90
:10DBF000091A30EE010A9DED081A9FED3E3A01EE3A
:10DC0000030A9FED3D1A20EE010A8DED040A9DEDF9
:10DC10000A2A9DED090A30EE420A9DED082A02EE1D
:10DC2000030A20EE010A8DED050A9DED0A0A9DED1D
:10DC3000092A30EE420A9DED082A02EE030A20EE80
:10DC4000010A8DED060A9DED0A0AB1EE400A9DED2E
:10DC5000092A30EE420A9DED082A02EE030A20EE60
:10DC6000010A8DED070A0B989DED040A9FED231A1A
:10DC70008DED011A20EE010ABDEEC00A10EE101A59
:10DC8000002202920323039301F046FA9DED011A4C
:10DC9000029A039B0B9868309DED050A20EE010A5D
:10DCA000BDEEC00A10EE101A01F036FA9DED011A11
:10DCB000029A039B0B98D0309DED060A20EE010AD4
:10DCC000BDEEC00A10EE101A01F026FA9DED011A01
:10DCD000029A039B0B9800F59C709DED070A20EEBD
:10DCE000010ABDEEC00A10EE101A01F015FA0CB0D0
:10DCF00080BD00BFCDCCCC3EECC9184333335B4173
:10DD0000FFE7FEE700000000FFE7FEE7000000007D
:10DD100088B0079006910592079800F007000490DC
:10DD20000498C0F10700052803D3FFE70420019001
:10DD300004E00498C0F107000190FFE70198039008
:10DD400004980430062803D8FFE70020009003E081
:10DD5000049803380090FFE7009802900698039912
:10DD6000012202FA01F101390840029B984005990D
:10DD70009A40013A1140084308B070470000000083
:10DD800080B542F6A820C2F20040F9F775FC80BDCC
:10DD900080B586B0059004910598006803900398BB
:10DDA00002900398006C01900298049900EB4110D6
:10DDB000D0F8080B0090019843F20B01C4F654719F
:10DDC00088420FD3FFE79DF801000006002809D51F
:10DDD000FFE70298049900EB41114FF40040C1F8AD
:10DDE000080BFFE70598FAF7C3FA019843F20B0115
:10DDF000C4F6547188420DD3FFE70598C068012826
:10DE000008D1FFE70599086801F2C442012106F034
:10DE1000ABF9FFE7002006B080BD00000000000065
:10DE200080B588B007900691079800680490049820
:10DE300003900498006C02900398069900EB41103F
:10DE4000D0F8080B01900798C068012840F0818045
:10DE5000FFE79DF804000007002818D5FFE70298A7
:10DE600043F20B01C4F6547188420FD3FFE79DF8CB
:10DE700005000006002809D5FFE70398069900EB86
:10DE800041114FF40040C1F8080BFFE760E09DF836
:10DE900004008006002808D5FFE70398069900EBE8
:10DEA00041112020C1F8080B51E09DF8040010F04A
:10DEB000280F4AD1FFE7029843F20B01C4F65471D0
:10DEC00088420FD3FFE79DF805000006002809D51A
:10DED000FFE70398069900EB41114FF40040C1F8A9
:10DEE000080B31E00798069901EBC10100EB8100B6
:10DEF00000F51F7005900598006A0399069A01EBDA
:10DF00004211D1F8101B6FF3DF41401A05994861A7
:10DF1000069898B9FFE70598006940B9FFE70799A7
:10DF2000086801F2C442012106F01EF905E00599D6
:10DF3000C8684A691044C860FFE7FFE707989DF882
:10DF40001810F9F725F9FFE700E0FFE7FFE7FFE723
:10DF500047E0029843F20A11C4F65471884224D172
:10DF6000FFE79DF805000006002809D5FFE70398A4
:10DF7000069900EB41114FF40040C1F8080B13E083
:10DF80009DF804008006002808D5FFE7039806994D
:10DF900000EB41112020C1F8080BFFE707989DF81E
:10DFA0001810F9F7F5F8FFE71AE0069890B9FFE7BF
:10DFB0000798069901EBC10100EB8100D0F88C02B3
:10DFC00040B9FFE70799086801F2C442002106F052
:10DFD000CBF8FFE707989DF81810F9F7D9F8FFE795
:10DFE000FFE7002008B080BD80B58CB00A90099191
:10DFF0000A9800680890089807900A98099901EB18
:10E00000C10100EB81003C3006900698016940692F
:10E01000884204D9FFE701208DF82F0079E00699A6
:10E0200008694969401A05900598069989688842E7
:10E0300004D9FFE7069880680590FFE7059803304C
:10E0400080080490FFE70798099900EB4110D0F889
:10E05000180981B2049A0020914202900FD3FFE781
:10E0600006980269416900209142029007D2FFE7B9
:10E0700006980069002818BF01200290FFE7029867
:10E08000C00770B3FFE7069908694969401A05900F
:10E09000059806998968884204D9FFE70698806840
:10E0A0000590FFE7059803308008049008980699CA
:10E0B000C9689DF82420BDF81430DDF828C09CF80C
:10E0C0000CC0EE46CEF800C006F01EFF059A069979
:10E0D000C8681044C860059A0699486910444861A8
:10E0E000B1E706990869496988420ED8FFE709989F
:10E0F00000F00F01012088400390039A0799D1F89E
:10E1000034089043C1F83408FFE700208DF82F0051
:10E11000FFE79DF82F000CB080BD0000000000005C
:10E1200080B582B00190ADF80210BDF802000F2852
:10E1300001D0FFE727E0019800785A2805D1FFE7D2
:10E140000198807BA52801D0FFE71CE0019800F032
:10E150007BFC0199497B884201D0FFE713E00198DD
:10E16000D0F8010040F69801C2F20041C1F8BC01AC
:10E170000198D0F80500C1F8C0010198D0F8090055
:10E18000C1F8C401FFE702B080BD0000000000003C
:10E1900080B586B08DED050ACDED040A8DED031A2C
:10E1A00040F6A240C2F200400090AA2101700599F9
:10E1B000C0F801100499C0F805100399C0F80910BF
:10E1C00040F69801C2F2004191F8A011C0F80D107C
:10E1D0000021C0F8111001F0C3FE0099487540F607
:10E1E0008C40C2F20040029016220192F2F7BBF876
:10E1F00001990298F2F7BCFA012801D1FFE7FFE785
:10E2000006B080BD0000000080B58AB0099008917A
:10E21000089890F8A00108B1FFE7A5E0099890F8E8
:10E2200037005A2801D0FFE79EE00998408DADF8ED
:10E230001E000998008DADF81C000998808CADF87F
:10E240001A00099890F82000732832D1FFE7BDF931
:10E250001E0000EE100AB8EEC00A9FED442A80EEC0
:10E26000020A9FED431A20EE010A8DED050ABDF961
:10E270001C0000EE100AB8EEC00A80EE020A20EE82
:10E28000010A8DED040ABDF91A0000EE100AB8EE7D
:10E29000C00A80EE020A20EE010A8DED030A0898FA
:10E2A0009DED050ADDED040A9DED031AF2F7B8FEB7
:10E2B0005AE00020029001900090099890F8210007
:10E2C0000009C00730B1FFE74CF6CD40C3F64C70F3
:10E2D0000290FFE7099890F821008009C00730B14B
:10E2E000FFE74CF6CD40CBF64C700290FFE7099863
:10E2F00090F821100020B0EBD11F06D0FFE74CF6BC
:10E30000CD40C3F64C700190FFE7099890F82100CA
:10E310004009C00730B1FFE74CF6CD40CBF64C705A
:10E320000190FFE7099890F822008008C00728B103
:10E33000FFE70020CCF220000090FFE7099890F85A
:10E340002200C008C00728B1FFE70020C4F2200067
:10E350000090FFE708989DED020ADDED010A9DEDB2
:10E36000001AF2F75DFEFFE70AB080BD0000FE4232
:10E37000CDCC4C3F0000000080B582B040F6842137
:10E38000C2F2004100910869898A0122F8F73CFD38
:10E3900000998869898B00220192F8F735FD009970
:10E3A000019A88688989F8F72FFD02B080BD0000C6
:10E3B00082B001900091019890F837005A2801D05E
:10E3C000FFE728E0019890F82100C008C007B8B125
:10E3D000FFE740F6B840C2F20040007880B9FFE79E
:10E3E000009890F8A00128B9FFE70099012081F872
:10E3F000A00104E00099002081F8A001FFE7FFE7F9
:10E40000019890F82100C0F3C00040F6B841C2F274
:10E4100000410870FFE702B07047000000000000F4
:10E4200080B582B08DF8070000208DF8050001202E
:10E430008DF80600FFE79DF8060001284CDBFFE79A
:10E4400040F68421C2F200418869898B0022F8F7E6
:10E45000DBFC9DF806009DF8071008420AD0FFE794
:10E4600040F68421C2F20041886889890122F8F7C8
:10E47000CBFC09E040F68421C2F20041886889891A
:10E480000022F8F7C1FCFFE79FED1A0AF3F7E4FB5F
:10E4900040F68421C2F2004100918869898B0122F3
:10E4A000F8F7B2FC009908688988F8F795FC40B144
:10E4B000FFE79DF806109DF8050008438DF805005C
:10E4C000FFE79FED0C0AF3F7C7FBFFE79DF8060097
:10E4D00040008DF80600AEE740F68421C2F200410C
:10E4E000886889890122F8F78FFC9DF8050002B041
:10E4F00080BD00BFBD37863780B584B0039009F07A
:10E50000D3F940F68421C2F200410869898A0022C9
:10E510000192F8F779FC01988DF80B00FFE79DF860
:10E520000B00082819DCFFE703989DF80B1008443E
:10E5300090F82C00FFF774FF03999DF80B2011440D
:10E5400081F835009FED2B0AF3F786FBFFE79DF876
:10E550000B0001308DF80B00E1E740F68421C2F298
:10E5600000410869898A0122F8F74EFC09F0C8F9D0
:10E57000039991F8360081F82000039991F838004A
:10E58000C04381F82100039991F83900C04381F814
:10E590002200039890F82000732817D1FFE7039911
:10E5A00091F83A0080388884039991F83B00C0F1D3
:10E5B0007F00C884039991F83C008038088503994E
:10E5C00091F83D00C0F17F00488510E0039991F873
:10E5D0003A008884039991F83B00C884039991F824
:10E5E0003C000885039991F83D004885FFE704B099
:10E5F00080BD00BFBD37863780B582B00190FFE790
:10E6000000F002F8FCE7000080B582B0FFE740F6BA
:10E610008420C2F200400090FFF76EFF009840F6A1
:10E620009801C2F200410191FFF7C2FE00980199E2
:10E63000FFF7EAFD1E2008F0CBFBE8E70000000032
:10E64000EFF30980BFF36F8F154B1A681EF0100FA0
:10E6500008BF20ED108A20E9F04F10602DE9090075
:10E660004FF0500080F31188BFF34F8FBFF36F8FCF
:10E6700009F08AFA4FF0000080F31188BDE8090024
:10E6800019680868B0E8F04F1EF0100F08BFB0EC32
:10E69000108A80F30988BFF36F8F704700BF00BFF7
:10E6A000903200240000000080B586B004900391F1
:10E6B00000208DF8070044F22840C5F602000068EB
:10E6C00000F00300032804D1FFE701208DF81700B4
:10E6D000CBE044F20041C5F60201086820F08060FA
:10E6E0000860F8F7A9FB0290FFE744F20040C5F686
:10E6F0000200006800F000610020B0EBD16F0CD088
:10E70000FFE7F8F799FB0299401A032804D3FFE7C3
:10E7100003208DF81700A8E0E7E7FFE744F228415F
:10E72000C5F60201086820F47C30049A126840EAB9
:10E730000230086004994868D1F808C0CB680A69BB
:10E7400001386FF35F204FF60061CFF6FF7101EBE8
:10E750004C2189B208440021CFF6FF7101EB03413F
:10E7600001F4FE0108444FF07F4101EB026101F02A
:10E77000FE41084444F23841C5F602010860FFE753
:10E7800044F22C41C5F602010091086820F0C00057
:10E79000049A526910430860086820F02000049A27
:10E7A000926910430860086820F01000086044F285
:10E7B0003C42C5F6020210684FF6F8739843049B7A
:10E7C000DB6940EAC3001060086840F01000086090
:10E7D000039848B9FFE744F22C41C5F602010868E6
:10E7E00040F40020086016E00398012809D1FFE7F3
:10E7F00044F22C41C5F60201086840F4801008601C
:10E8000008E044F22C41C5F60201086840F400100B
:10E810000860FFE7FFE744F20041C5F6020108681F
:10E8200040F080600860F8F707FB0290FFE744F2D1
:10E830000040C5F60200006800F000610020B0EB67
:10E84000D16F0CD1FFE7F8F7F7FA0299401A0328C5
:10E8500004D3FFE703208DF8170006E0E7E7FFE7A2
:10E860009DF807008DF81700FFE79DF8170006B028
:10E8700080BD00000000000080B586B004900391C8
:10E8800000208DF8070044F22840C5F60200006819
:10E8900000F00300032804D1FFE701208DF81700E2
:10E8A000CBE044F20041C5F60201086820F0805038
:10E8B0000860F8F7C1FA0290FFE744F20040C5F69D
:10E8C0000200006800F000510020B0EB517F0CD036
:10E8D000FFE7F8F7B1FA0299401A032804D3FFE7DB
:10E8E00003208DF81700A8E0E7E7FFE744F228418E
:10E8F000C5F60201086820F07C70049A126840EAAC
:10E900000250086004994868D1F808C0CB680A69C9
:10E9100001386FF35F204FF60061CFF6FF7101EB16
:10E920004C2189B208440021CFF6FF7101EB03416D
:10E9300001F4FE0108444FF07F4101EB026101F058
:10E94000FE41084444F24041C5F602010860FFE779
:10E9500044F22C41C5F602010091086820F44060A1
:10E96000049A526910430860086820F40070049A01
:10E97000926910430860086820F48070086044F2CF
:10E980004442C5F6020210684FF6F8739843049BA0
:10E99000DB6940EAC3001060086840F480700860DA
:10E9A000039848B9FFE744F22C41C5F60201086814
:10E9B00040F48000086016E00398012809D1FFE7C1
:10E9C00044F22C41C5F60201086840F400000860DA
:10E9D00008E044F22C41C5F60201086840F080705E
:10E9E0000860FFE7FFE744F20041C5F6020108684E
:10E9F00040F080500860F8F71FFA0290FFE744F2F9
:10EA00000040C5F60200006800F000510020B0EBA5
:10EA1000517F0CD1FFE7F8F70FFA0299401A03284B
:10EA200004D3FFE703208DF8170006E0E7E7FFE7D0
:10EA30009DF807008DF81700FFE79DF8170006B056
:10EA400080BD00000000000082B001900020ADF801
:10EA500002008DF80100FFE79DF801000C2810D896
:10EA6000FFE701989DF80110415CBDF802000844E1
:10EA7000ADF80200FFE79DF8010001308DF80100BC
:10EA8000EAE79DF8020002B07047000000000000B5
:10EA900082B001900091019818B1FFE7009808B981
:10EAA000FFE78BE0019800780199497840EA01205E
:10EAB0006FF3DF200099088001984078C008019921
:10EAC000897840EA41106FF3DF200099488001986F
:10EAD000807880090199C97840EA81000199097913
:10EAE00040EA81206FF3DF20009988800198007947
:10EAF00040080199497940EAC1106FF3DF2000997D
:10EB0000C8800198007C0199497C40EA01206FF39C
:10EB1000DF20009908810198407980090099887266
:10EB200001984079C0F301100099C872019880796A
:10EB30000199C97940EA0120009988810198007AF9
:10EB40000199497A40EA01200099C8810198807AA8
:10EB50000199C97A40EA0120009908820198007B56
:10EB6000009988740198407B0099C8740198807B53
:10EB70000199C97B40EA01200099888200990888A0
:10EB8000A0F58060088000994888A0F580604880E2
:10EB900000998888A0F5806088800099C888A0F5D1
:10EBA0008060C88000990889A0F58060088100997C
:10EBB000FA200877009900208875FFE702B07047B7
:10EBC00080B542F6B470C2F20040FCF741F980BD56
:10EBD00082B0019001980068406900900198016836
:10EBE000886940F00800886101980168886940F0F0
:10EBF0001000886101980168086820F00100086031
:10EC000001980168086940F26F32904308610198E9
:10EC10000168886820F440408860019890F881007D
:10EC2000042815D0FFE79DF80000800600280ED5C7
:10EC3000FFE70199D1F8840040F08000C1F884001A
:10EC400001980168886940F020008861FFE7FFE7CC
:10EC5000019890F88100032815D0FFE79DF8000087
:10EC6000400600280ED5FFE70199D1F8840040F056
:10EC70000400C1F8840001980168886940F04000F0
:10EC80008861FFE7FFE79DF80100800700280ED5A7
:10EC9000FFE70199D1F8840040F00100C1F8840039
:10ECA00001980168886940F400708861FFE79DF869
:10ECB0000100C00770B1FFE70199D1F8840040F06E
:10ECC0000800C1F8840001980168886940F48070E8
:10ECD0008861FFE701990020A1F862000199A1F87D
:10ECE0006A0002B07047000080B582B001900198C0
:10ECF000806B009000990020A1F86A000099A1F8AB
:10ED000062000099012081F881000098FCF79CF8CE
:10ED100002B080BD0000000083B002900298C16B79
:10ED2000012000EB511001900298C0680130009062
:10ED300000980730C008009000980199484303B03C
:10ED4000704700000000000080B586B0DDF820C0EC
:10ED5000049003918DF80B200193FFE7049800685D
:10ED6000406903990840401AB0FA80F040099DF8C4
:10ED70000B10884214D1FFE7F8F75EF80899401AA3
:10ED80000199884204D3FFE70198013018B9FFE7E1
:10ED9000019820B9FFE703208DF8170004E0DDE7B4
:10EDA00000208DF81700FFE79DF8170006B080BD22
:10EDB000074B19680868B0E8F04F80F30988BFF383
:10EDC0006F8F4FF0000080F31188704700BF00BFC5
:10EDD000903200240000000084B00390039800905B
:10EDE00000980078ADF80800009801300090009875
:10EDF0000078ADF80600BDF80610BDF8080040EA3E
:10EE00000120ADF80A00BDF80A0004B07047000008
:10EE100080B582B00190FEF79FFEFFE7012007F06A
:10EE2000D7FFFBE70000000080B584B08DF80F002D
:10EE300002918DF807209DF80F00013801460091DE
:10EE4000032830D80099DFE801F0020C172202995C
:10EE50009DF8072040F69800C2F2004000F028F824
:10EE600021E002999DF8072040F69800C2F2004088
:10EE7000683000F01DF816E002999DF8072040F672
:10EE80009800C2F20040D03000F012F80BE0029976
:10EE90009DF8072040F69800C2F2004000F59C70F3
:10EEA00000F006F8FFE704B080BD0000000000009D
:10EEB00080B584B0039002918DF807209DF807007B
:10EEC00001460091062800F09A80FFE7009822286A
:10EED00000F0AA80FFE7009843281CD0FFE70098C5
:10EEE0004C2800F0E080FFE700989A2800F0958019
:10EEF000FFE70098F32874D0FFE70098F62877D052
:10EF0000FFE70098FD2800F08180FFE70098FE28C9
:10EF100000F0D080D5E002980078039981F82400B1
:10EF20000298408800EE100AB8EE400A039880ED7F
:10EF30000A0A0298808800EE100AB8EE400A039888
:10EF400080ED0B0A0298C08800EE100AB8EE400A65
:10EF50009FED5D2A20EE020A9FED5C1A80EE010A09
:10EF6000039880ED0C0A029890ED030AB8EE400A6F
:10EF700020EE020A80EE010A039880ED0D0A029845
:10EF8000408A00EE100AB8EE400A039880ED0E0A9F
:10EF9000029890ED060AB8EE400A20EE020A80EED2
:10EFA000010A039880ED0F0A029890ED080AB8EE66
:10EFB000400A20EE020A80EE010A039880ED100A52
:10EFC0000298039900F024FA029890F8240003991B
:10EFD00081F84400029890F82500039981F84500D3
:10EFE00070E0029890F83700039981F8460069E0D4
:10EFF000029890F83700039981F8460062E0029881
:10F0000090F83800039981F847005BE0029890F887
:10F010003900039981F8480054E0029890F83A00CA
:10F02000039981F849004DE0029890F82600039971
:10F0300081F84C00029890F82700039981F84D0060
:10F04000029890ED0B0AB8EE400A039880ED140A7E
:10F050000298008D00EE100AB8EE400A039880ED89
:10F06000150A0298008E00EE100AB8EE400A0398C6
:10F0700080ED160A0298408E00EE100AB8EE400AA3
:10F08000039880ED170A0298808E00EE100AB8EE01
:10F09000400A039880ED180A029890F83600039908
:10F0A00081F864000EE0029890F83B00039981F823
:10F0B0004A0007E0029890F83C00039981F84B0061
:10F0C00000E0FFE704B080BD0000B44300008047CB
:10F0D00080B584B003908DF80B10019203980079ED
:10F0E00040F63851C2F200410870F3204870AB205E
:10F0F00088709DF80B00C870002008716B20487163
:10F1000043F2D400C2F200400622FEF795F80198BF
:10F1100007F05EFE04B080BD80B584B00390ADF80A
:10F120000A108DF809200193BDF90A00002808D4BF
:10F13000FFE700208DF80100BDF80A00ADF80200DD
:10F1400008E001208DF80100BDF80A004042ADF84A
:10F150000200FFE70398007940F63E51C2F20041F9
:10F160000870F62048709DF8010088709DF8030033
:10F17000C870BDF8020008719DF8090048710020B0
:10F1800088716B20C87143F2D400C2F2004008229B
:10F19000FEF752F8019807F01BFE04B080BD000096
:10F1A00080B584B0039002910398007802990870AA
:10F1B0000398407801460191062800F09180FFE70E
:10F1C0000198222800F0BF80FFE70198432818D05B
:10F1D000FFE701984C2800F0F380FFE701989A2898
:10F1E00000F0A080FFE70198F32868D0FFE70198BE
:10F1F000FD2800F08680FFE70198FE2800F0F180EE
:10F2000000E1039880781F2858D1FFE70398C07861
:10F21000092853D1FFE70398807F6B284DD1FFE782
:10F2200003980179407940EA0120029948800398C7
:10F230008179C07940EA0120029988800398017A97
:10F24000407A40EA01200299C8800398807A0299A6
:10F2500008720398D0F80B0000BA0299C8600398AE
:10F26000C07B029908740398017C407C40EA01202D
:10F27000029948820398807C029908750398D0F817
:10F28000130000BA029988610398C07D029908773B
:10F290000398806900BA029908620398007F029976
:10F2A00081F824000398407F029981F82500029993
:10F2B00008784322FFF7B8FDFFE7FFE7A3E00398D4
:10F2C000C0786B280BD1FFE703988078029981F80A
:10F2D000370002990878F322FFF7A6FDFFE792E0D6
:10F2E0000398C0786B280BD1FFE7039880780299C8
:10F2F00081F83800029908780622FFF795FDFFE7AC
:10F3000081E00398C0786B280BD1FFE703988078E1
:10F31000029981F8390002990878FD22FFF784FDEF
:10F32000FFE770E00398C0786B280BD1FFE70398E4
:10F330008078029981F83A00029908789A22FFF7BA
:10F3400073FDFFE75FE00398407C6B2837D1FFE750
:10F3500003988078029981F826000398C078029972
:10F3600081F8270003980179407940EA0120029949
:10F3700008850398D0F8060000BA0299C86203987D
:10F38000817AC07A40EA0120029908860398017BBD
:10F39000407B40EA0120029948860398817BC07B2C
:10F3A00040EA0120029988860398007C029981F83E
:10F3B0003600029908782222FFF736FDFFE722E0A7
:10F3C0000398C0786B280BD1FFE7039880780299E7
:10F3D00081F83B00029908784C22FFF725FDFFE7F2
:10F3E00011E00398C0786B280BD1FFE70398807871
:10F3F000029981F83C0002990878FE22FFF714FD7B
:10F40000FFE700E0FFE704B080BD0000000000005F
:10F4100082B0019000910198007A012808D1FFE79D
:10F42000009890ED0D0AB1EE400A80ED0D0AFFE75D
:10F430000198007C012808D1FFE7009890ED0E0AA2
:10F44000B1EE400A80ED0E0AFFE70198007D012829
:10F4500008D1FFE7009890ED0F0AB1EE400A80ED69
:10F460000F0AFFE70198007F012808D1FFE7009805
:10F4700090ED100AB1EE400A80ED100AFFE702B0ED
:10F48000704700000000000080B582B04FF05000CF
:10F4900080F31188BFF36F8FBFF34F8F009008F098
:10F4A000CBFC40B1FFE74EF60451CEF200014FF025
:10F4B00080500860FFE700200190019880F31188D8
:10F4C00002B080BD0000000080B59EB00BA84C21AA
:10F4D000F0F762FF002001900A90099008900790D1
:10F4E00006900590049003900220F8F7ADFFFFE727
:10F4F0000020029044F61800C5F60200016821F4CD
:10F5000040410160006800F4404002900298FFE72B
:10F51000FFE744F61800C5F60200006800F400504A
:10F52000B0F5005F01D0FFE7F3E721200B904FF427
:10F5300080300C90012011900221149115911691A8
:10F54000282117911890042019901A900C201B90D4
:10F5500000201C901D900BA8FAF7FEFE18B1FFE7E3
:10F56000F2F796FCFFE73F2003900321049100206F
:10F570000590082006904020079008904FF4806284
:10F5800009920A9003A8FAF77BFA18B1FFE7F2F79D
:10F590007FFCFFE71EB080BD4EF68851CEF2000121
:10F5A000086840F47000086042F20000C5F20020D4
:10F5B000006800F00F0006280AD8FFE742F20001B9
:10F5C000C5F200210868072262F303000860FFE724
:10F5D00044F20041C5F60201086840F001000860ED
:10F5E00044F21042C5F602020020106008684EF690
:10F5F0007F52CEF6F6221040086042F20000C5F2BB
:10F600000020006800F00F0008280AD3FFE742F24C
:10F610000001C5F200210868072262F303000860B8
:10F62000FFE744F21841C5F602010020086044F2E9
:10F630001C41C5F60201086044F22041C5F60201F2
:10F64000086044F22842C5F6020240F20021C0F2EE
:10F650000221116044F22C42C5F602020021C0F2E0
:10F66000FF11116044F23042C5F6020240F28021DF
:10F67000C0F20111116044F23442C5F6020210607A
:10F6800044F23842C5F60202116044F23C42C5F62B
:10F690000202106044F24042C5F60202116044F2D8
:10F6A0004441C5F60201086044F20042C5F6020278
:10F6B000116821F48021116044F26041C5F6020115
:10F6C000086044F20001C5F2002143F2D200086054
:10F6D000704700000000000080B543F23C00C2F219
:10F6E0000040FCF7D1FB80BD83B0029001910298ED
:10F6F0000068009002980021C4F20101884225D0E0
:10F70000FFE70298B0F1804F20D0FFE7029840F267
:10F710000041C4F20001884218D0FFE7029840F689
:10F720000001C4F20001884210D0FFE7029840F6C1
:10F730000041C4F20001884208D0FFE7029840F27D
:10F740000041C4F2010188420AD1FFE7009820F08D
:10F750007000009001984168009808430090FFE70E
:10F7600002980021C4F2010188424DD0FFE70298BF
:10F77000B0F1804F48D0FFE7029840F20041C4F258
:10F780000001884240D0FFE7029840F60001C4F231
:10F790000001884238D0FFE7029840F60041C4F2E9
:10F7A0000001884230D0FFE7029840F20041C4F2E5
:10F7B0000101884228D0FFE7029844F20001C4F218
:10F7C0000101884220D0FFE7029844F20041C4F2D0
:10F7D0000101884218D0FFE7029844F60001C4F204
:10F7E0000101884210D0FFE702984EF20001C4F2F6
:10F7F0000001884208D0FFE702984EF20041C4F2AF
:10F80000000188420AD1FFE7009820F44070009080
:10F810000198C168009808430090FFE7009820F025
:10F820008000019949690843009000980299086096
:10F83000019880680299C8620198006802998862FC
:10F8400002980021C4F20101884220D0FFE702980B
:10F8500040F20041C4F20101884218D0FFE702984B
:10F8600044F20001C4F20101884210D0FFE702987F
:10F8700044F20041C4F20101884208D0FFE7029837
:10F8800044F60001C4F20101884205D1FFE7019866
:10F89000006902990863FFE702990120486103B0FB
:10F8A000704700000000000085B0049003910499A7
:10F8B000086A20F0010008620498006A0190049828
:10F8C0004068009004988069029002984FF68F710A
:10F8D000CFF6FE7108400290029820F003000290DB
:10F8E00003980168029808430290019820F00200F2
:10F8F00001900398816801980843019004980021C1
:10F90000C4F20101884220D0FFE7049840F2004190
:10F91000C4F20101884218D0FFE7049844F20001C4
:10F92000C4F20101884210D0FFE7049844F200417C
:10F93000C4F20101884208D0FFE7049844F60001B0
:10F94000C4F2010188420ED1FFE7019820F00800BF
:10F9500001900398C168019808430190019820F034
:10F9600004000190FFE704980021C4F201018842DD
:10F9700020D0FFE7049840F20041C4F20101884220
:10F9800018D0FFE7049844F20001C4F20101884254
:10F9900010D0FFE7049844F20041C4F2010188420C
:10F9A00008D0FFE7049844F60001C4F20101884240
:10F9B00013D1FFE7009820F480700090009820F4A5
:10F9C00000700090039841690098084300900398E4
:10F9D0008169009808430090FFE700980499486007
:10F9E00002980499886103984068049948630198D3
:10F9F0000499086205B0704785B00490039104999A
:10FA0000086A20F0100008620498006A01900498C7
:10FA100040680090049880690290029848F6FF714F
:10FA2000CFF6FF6108400290029820F440700290E7
:10FA300003980168029840EA01200290019820F0A2
:10FA40002000019003988168019840EA011001901C
:10FA500004980021C4F20101884229D0FFE70498EC
:10FA600040F20041C4F20101884221D0FFE704982E
:10FA700044F20001C4F20101884203D1FFE70020F3
:10FA8000B0B9FFE7049844F20041C4F20101884292
:10FA900003D1FFE7002058B9FFE7049844F60001BE
:10FAA000C4F20101884212D1FFE7012078B9FFE7D3
:10FAB000019820F0800001900398C168019840EA05
:10FAC00001100190019820F040000190FFE7049898
:10FAD0000021C4F20101884220D0FFE7049840F2DF
:10FAE0000041C4F20101884218D0FFE7049844F2B3
:10FAF0000001C4F20101884210D0FFE7049844F2EB
:10FB00000041C4F20101884208D0FFE7049844F69E
:10FB10000001C4F20101884215D1FFE7009820F4EA
:10FB200080600090009820F4006000900398416984
:10FB3000009840EA8100009003988169009840EAAB
:10FB400081000090FFE700980499486002980499AA
:10FB50008861039840680499886301980499086251
:10FB600005B070470000000085B00490039104992F
:10FB7000086A20F4807008620498006A0190049872
:10FB8000406800900498C069029002984FF68F7107
:10FB9000CFF6FE7108400290029820F00300029018
:10FBA00003980168029808430290019820F40070BD
:10FBB000019003988168019840EA0120019004981F
:10FBC0000021C4F20101884229D0FFE7049840F2E5
:10FBD0000041C4F20101884221D0FFE7049844F2B9
:10FBE0000001C4F20101884203D1FFE70020B0B94F
:10FBF000FFE7049844F20041C4F20101884203D1B6
:10FC0000FFE7002058B9FFE7049844F60001C4F26A
:10FC10000101884212D1FFE7012078B9FFE701987E
:10FC200020F4006001900398C168019840EA012027
:10FC30000190019820F480600190FFE70498002172
:10FC4000C4F20101884220D0FFE7049840F200414D
:10FC5000C4F20101884218D0FFE7049844F2000181
:10FC6000C4F20101884210D0FFE7049844F2004139
:10FC7000C4F20101884208D0FFE7049844F600016D
:10FC8000C4F20101884215D1FFE7009820F48050AA
:10FC90000090009820F4005000900398416900986B
:10FCA00040EA0110009003988169009840EA011031
:10FCB0000090FFE700980499486002980499C86191
:10FCC000039840680499C86301980499086205B0D4
:10FCD000704700000000000085B004900391049973
:10FCE000086A20F4805008620498006A0190049821
:10FCF000406800900498C0690290029848F6FF712D
:10FD0000CFF6FF6108400290029820F44070029004
:10FD100003980168029840EA01200290019820F4BB
:10FD20000050019003988168019840EA01300190E9
:10FD300004980021C4F20101884220D0FFE7049812
:10FD400040F20041C4F20101884218D0FFE7049854
:10FD500044F20001C4F20101884210D0FFE7049888
:10FD600044F20041C4F20101884208D0FFE7049840
:10FD700044F60001C4F2010188420BD1FFE700986C
:10FD800020F48040009003984169009840EA811077
:10FD90000090FFE700980499486002980499C861B0
:10FDA000039840680499086401980499086205B0B2
:10FDB000704700000000000085B004900391049992
:10FDC000086A20F4803008620498006A0190049860
:10FDD000406800900498406D029002984FF68F7131
:10FDE000CFF6FE710840029003980168029808431C
:10FDF0000290019820F400300190039881680198E6
:10FE000040EA0140019004980021C4F201018842B7
:10FE100020D0FFE7049840F20041C4F2010188427B
:10FE200018D0FFE7049844F20001C4F201018842AF
:10FE300010D0FFE7049844F20041C4F20101884267
:10FE400008D0FFE7049844F60001C4F2010188429B
:10FE50000BD1FFE7009820F48030009003984169AF
:10FE6000009840EA01200090FFE70098049948605C
:10FE70000298049948650398406804998865019838
:10FE80000499086205B0704785B004900391049905
:10FE9000086A20F4801008620498006A01900498AF
:10FEA000406800900498406D0290029848F6FF71F7
:10FEB000CFF6FF610840029003980168029840EA7B
:10FEC00001200290019820F40010019003988168AD
:10FED000019840EA0150019004980021C4F2010108
:10FEE000884220D0FFE7049840F20041C4F20101AB
:10FEF000884218D0FFE7049844F20001C4F20101DF
:10FF0000884210D0FFE7049844F20041C4F2010196
:10FF1000884208D0FFE7049844F60001C4F20101CA
:10FF200088420BD1FFE7009820F4802000900398CE
:10FF30004169009840EA81200090FFE70098049909
:10FF40004860029804994865039840680499C86518
:10FF500001980499086205B0704700000000000095
:10FF600082B0019000208DF803008DF80200FFE7B9
:10FF70009DF80200142810D8FFE701989DF80210A0
:10FF8000415C9DF8030048408DF80300FFE79DF8B1
:10FF9000020001308DF80200EAE79DF8030002B08C
:10FFA000704700000000000080B543F2FC10C2F270
:10FFB0000040FCF775FB80BD82B001900198406E57
:10FFC00040B9FFE701990120A1F86A000199A1F861
:10FFD000680032E010208DF803008DF802000198CF
:10FFE00000688068C0F342608DF8010001980068E5
:10FFF0008068400F8DF800009DF802009DF80020F9
:020000040801F1
:1000000048F28423C0F60103995C484348F27C21FE
:10001000C0F601018A5CB0FBF2F0019AA2F86A0016
:100020009DF803009DF801209B5C5843895CB0FB60
:10003000F1F00199A1F86800FFE702B070470000F5
:1000400081B00090009890F82800C00758B1FFE7F1
:1000500000980068406820F40030009A1168D26A65
:1000600010434860FFE7009890F8280080070028B8
:100070000BD5FFE700980068406820F48030009AB4
:100080001168126B10434860FFE7009890F8280051
:10009000400700280BD5FFE700980068406820F46F
:1000A0008020009A1168526B10434860FFE7009867
:1000B00090F82800000700280BD5FFE7009800689B
:1000C000406820F40040009A1168926B1043486029
:1000D000FFE7009890F82800C00600280BD5FFE73E
:1000E00000980068806820F48050009A1168D26BF4
:1000F00010438860FFE7009890F8280080060028E9
:100100000BD5FFE700980068806820F40050009A43
:100110001168126C10438860FFE7009890F828007F
:10012000400600281CD5FFE700980068406820F4CE
:100130008010009A1168526C104348600098406C1F
:10014000B0F5801F0BD1FFE700980068406820F4ED
:10015000C000009A1168926C10434860FFE7FFE707
:10016000009890F82800000600280BD5FFE70098BB
:100170000068406820F40020009A1168D26C104397
:100180004860FFE701B0704780B588B006900699D7
:100190000020C1F89000F6F74FFE05900698006821
:1001A0000068000700282FD5FFE70698059B6A46E0
:1001B0006FF07E4111604FF40011002200F0F4FE58
:1001C00008B3FFE7FFE7FFE70698006850E8000F75
:1001D00020F080000490FFE704990698026842E846
:1001E00000100028F0D1FFE7FFE706992020C1F8B2
:1001F0008800FFE70699002081F88400FFE70320CC
:100200008DF81F005FE0FFE7069800680068400770
:10021000002842D5FFE70698059B6A466FF07E41AD
:1002200011604FF48001002200F0BEFEA0B3FFE792
:10023000FFE7FFE70698006850E8000F20F4907091
:100240000390FFE703990698026842E8001000282F
:10025000F0D1FFE7FFE7FFE7FFE70698006850E807
:10026000020F20F001000290FFE702990698026851
:1002700042E802100028F0D1FFE7FFE706992020AE
:10028000C1F88C00FFE70699002081F88400FFE7A1
:1002900003208DF81F0016E0FFE706992020C1F823
:1002A00088000699C1F88C0006990020C866069956
:1002B0000867FFE70699002081F88400FFE7002027
:1002C0008DF81F00FFE79DF81F0008B080BD0000FB
:1002D00080B582B001900198806B00900099002059
:1002E000A1F85E000099A1F856000098FCF7D4F937
:1002F00002B080BD0000000080B584B00390039878
:10030000806B02900298D0F8880001900298D0F893
:100310008C000090029800688068000600280CD5C8
:10032000FFE70198212808D1FFE702990020A1F8F2
:100330005600029800F0E0F8FFE702980068806835
:10034000400600280CD5FFE70098222808D1FFE7D7
:1003500002990020A1F85E00029800F059F8FFE72A
:100360000299D1F8900040F01000C1F89000029876
:10037000FCF792F904B080BD80B584B00390039877
:10038000806B02900398C069B0F5807F2BD0FFE7A7
:1003900002990020A1F85600FFE7FFE702980068E5
:1003A00050E8020F20F080000190FFE701990298C9
:1003B000026842E802100028F0D1FFE7FFE7FFE7FC
:1003C000FFE70298006850E8000F40F040000090FE
:1003D000FFE700990298026842E800100028F0D177
:1003E000FFE7FFE703E00298FCF7AAFFFFE704B08E
:1003F00080BD00000000000080B582B0019001982F
:10040000806B00900098FCF79FFF02B080BD000059
:1004100084B00390FFE7FFE70398006850E8000FFF
:1004200020F490700290FFE702990398026842E876
:1004300000100028F0D1FFE7FFE7FFE7FFE7039890
:10044000006850E8020F4FF6FE71CEF6FF710840CB
:100450000190FFE701990398026842E80210002822
:10046000EDD1FFE7FFE70398C06E012814D1FFE745
:10047000FFE7FFE70398006850E8000F20F0100046
:100480000090FFE700990398026842E800100028F6
:10049000F0D1FFE7FFE7FFE703992020C1F88C00C8
:1004A00003990020C8660399486704B070470000AC
:1004B00080B582B00190FFE7FFE70198006850E83F
:1004C000000F20F040000090FFE7009901980268BB
:1004D00042E800100028F0D1FFE7FFE70199202053
:1004E000C1F888000199002088670198FCF728FF6F
:1004F00002B080BD0000000083B00290FFE7FFE77C
:100500000298006850E8000F20F0C0000190FFE75B
:1005100001990298026842E800100028F0D1FFE734
:10052000FFE7FFE7FFE70298006850E8020F20F4BA
:1005300000000090FFE700990298026842E802106C
:100540000028F0D1FFE7FFE702992020C1F88800DA
:1005500003B070470000000080B59EB01D900020E1
:100560008DF867001D98006840F60041C5F600014F
:10057000884201D1FFE700E0FFE71D9988680B6919
:100580004A69C9691843104308431C901D980068C4
:10059000006846F6F311CCF6FF7108401C99084339
:1005A0001D99096808601D980068406820F4405053
:1005B0001D9A1168D268104348601D9880691C908C
:1005C0001D98006840F60041C5F60001884206D03B
:1005D000FFE71D98016A1C9808431C90FFE71D98CF
:1005E000006880684FF2FF41C1F2FF1108401C997A
:1005F00008431D99096888601D980068C06A20F04A
:100600000F001D9A1168526A1043C862FFE71D98D7
:10061000006841F20001C4F20101884240F04180CB
:10062000FFE744F25440C5F60200006800F03800CD
:100630000146109128282FD81099DFE801F0152DD8
:100640002D2D2D2D2D2D192D2D2D2D2D2D2D1D2DFE
:100650002D2D2D2D2D2D212D2D2D2D2D2D2D252DDE
:100660002D2D2D2D2D2D290001208DF86D0017E049
:1006700004208DF86D0013E008208DF86D000FE068
:1006800010208DF86D000BE020208DF86D0007E044
:1006900040208DF86D0003E080208DF86D00FFE7AD
:1006A0006CE21D98006844F20041C4F200018842E7
:1006B0002ED1FFE744F25440C5F60200006800F076
:1006C000070001460F9105281DD80F99DFE801F0BA
:1006D00003070B0F131700208DF86D0017E004209F
:1006E0008DF86D0013E008208DF86D000FE01020EC
:1006F0008DF86D000BE020208DF86D0007E04020A4
:100700008DF86D0003E080208DF86D00FFE734E286
:100710001D98006844F60001C4F2000188422ED101
:10072000FFE744F25440C5F60200006800F00700FD
:1007300001460E9105281DD80E99DFE801F0030748
:100740000B0F131700208DF86D0017E004208DF8B3
:100750006D0013E008208DF86D000FE010208DF87B
:100760006D000BE020208DF86D0007E040208DF833
:100770006D0003E080208DF86D00FFE7FCE11D981F
:10078000006844F60041C4F2000188422ED1FFE720
:1007900044F25440C5F60200006800F0070001462C
:1007A0000D9105281DD80D99DFE801F003070B0F07
:1007B000131700208DF86D0017E004208DF86D00F0
:1007C00013E008208DF86D000FE010208DF86D000B
:1007D0000BE020208DF86D0007E040208DF86D00C3
:1007E00003E080208DF86D00FFE7C4E11D980068EC
:1007F00045F20001C4F2000188422ED1FFE744F225
:100800005440C5F60200006800F0070001460C9154
:1008100005281DD80C99DFE801F003070B0F13170B
:1008200000208DF86D0017E004208DF86D0013E0B6
:1008300008208DF86D000FE010208DF86D000BE0A2
:1008400020208DF86D0007E040208DF86D0003E05A
:1008500080208DF86D00FFE78CE11D98006841F263
:100860000041C4F20101884240F04180FFE744F2B8
:100870005440C5F60200006800F0380001460B91B4
:1008800028282FD80B99DFE801F0152D2D2D2D2DBF
:100890002D2D192D2D2D2D2D2D2D1D2D2D2D2D2DAC
:1008A0002D2D212D2D2D2D2D2D2D252D2D2D2D2D8C
:1008B0002D2D290001208DF86D0017E004208DF802
:1008C0006D0013E008208DF86D000FE010208DF80A
:1008D0006D000BE020208DF86D0007E040208DF8C2
:1008E0006D0003E080208DF86D00FFE741E11D9869
:1008F000006847F60001C4F2000188422ED1FFE7EC
:1009000044F25440C5F60200006800F007000146BA
:100910000A9105281DD80A99DFE801F003070B0F9B
:10092000131700208DF86D0017E004208DF86D007E
:1009300013E008208DF86D000FE010208DF86D0099
:100940000BE020208DF86D0007E040208DF86D0051
:1009500003E080208DF86D00FFE709E11D98006835
:1009600047F60041C4F2000188422ED1FFE744F26D
:100970005440C5F60200006800F0070001460991E6
:1009800005281DD80999DFE801F003070B0F13179D
:1009900000208DF86D0017E004208DF86D0013E045
:1009A00008208DF86D000FE010208DF86D000BE031
:1009B00020208DF86D0007E040208DF86D0003E0E9
:1009C00080208DF86D00FFE7D1E01D98006841F6AA
:1009D0000001C4F20101884240F04180FFE744F287
:1009E0005440C5F60200006800F038000146089146
:1009F00028282FD80899DFE801F0152D2D2D2D2D51
:100A00002D2D192D2D2D2D2D2D2D1D2D2D2D2D2D3A
:100A10002D2D212D2D2D2D2D2D2D252D2D2D2D2D1A
:100A20002D2D290001208DF86D0017E004208DF890
:100A30006D0013E008208DF86D000FE010208DF898
:100A40006D000BE020208DF86D0007E040208DF850
:100A50006D0003E080208DF86D00FFE786E01D98B3
:100A6000006841F60041C4F20101884240F0418033
:100A7000FFE744F25440C5F60200006800F0380079
:100A80000146079128282FD80799DFE801F0152D96
:100A90002D2D2D2D2D2D192D2D2D2D2D2D2D1D2DAA
:100AA0002D2D2D2D2D2D212D2D2D2D2D2D2D252D8A
:100AB0002D2D2D2D2D2D290001208DF86D0017E0F5
:100AC00004208DF86D0013E008208DF86D000FE014
:100AD00010208DF86D000BE020208DF86D0007E0F0
:100AE00040208DF86D0003E080208DF86D00FFE759
:100AF0003BE01D98006840F60041C5F600018842C1
:100B00002ED1FFE744F25840C5F60200006800F01D
:100B100007000146069105281DD80699DFE801F077
:100B200003070B0F131702208DF86D0017E0042048
:100B30008DF86D0013E008208DF86D000FE0102097
:100B40008DF86D000BE020208DF86D0007E040204F
:100B50008DF86D0003E080208DF86D00FFE703E065
:100B600080208DF86D00FFE7FFE7FFE7FFE7FFE775
:100B7000FFE7FFE7FFE7FFE7FFE7FFE7FFE71D9876
:100B8000006840F60041C5F60001884240F0B4809C
:100B9000FFE79DF86D0001460591022814D0FFE79C
:100BA0000598042814D0FFE70598082816D0FFE719
:100BB0000598102818D0FFE70598202835D0FFE7C2
:100BC0000598402837D03AE0F7F79EFC11903CE0BA
:100BD00015A8F7F7ADFC1698119036E012A8F7F7B4
:100BE000FFFD1398119030E044F20040C5F602007A
:100BF000006800F020010020B0EB511F0ED0FFE78D
:100C000044F20040C5F602000068C0F3C10149F299
:100C10000000C0F2D030C840119005E049F2000059
:100C2000C0F2D0301190FFE70FE040F60010C0F2A4
:100C30003D00119009E04FF40040119005E00020C4
:100C4000119001208DF86700FFE71198002852D01D
:100C5000FFE711981D994A6A48F28C21C0F60101FC
:100C600031F81210B0FBF1F0189018981D994968EE
:100C700001EB4101884207D3FFE718981D994968A5
:100C8000B0EB013F04D9FFE701208DF8670031E0A8
:100C900011981D994A6803924A6A48F28C21C0F65D
:100CA000010131F81220002304931946EFF72AFBC3
:100CB000039A049B090241EA1061000210EB520002
:100CC00041F10001EFF71EFB1A901A98B0F5407F32
:100CD0000BD3FFE71A990020B0EB115F05D1FFE7B6
:100CE0001A981D990968C86003E001208DF8670013
:100CF000FFE7FFE7FFE746E11D98C069B0F5004F49
:100D000040F0A880FFE79DF86D0001460291402861
:100D100000F263800299DFE801F02125606029601C
:100D200060602F606060606060603560606060601F
:100D300060606060606060606060566060606060BD
:100D400060606060606060606060606060606060A3
:100D5000606060606060606060605C00F9F74CF942
:100D6000119040E0F9F75CF911903CE015A8F7F715
:100D7000DFFB1698119036E012A8F7F731FD1398B3
:100D8000119030E044F20040C5F60200006800F027
:100D900020010020B0EB511F0ED0FFE744F20040CD
:100DA000C5F602000068C0F3C10149F20000C0F2BC
:100DB000D030C840119005E049F20000C0F2D030B8
:100DC0001190FFE70FE040F60010C0F23D001190D7
:100DD00009E04FF40040119005E00020119001203F
:100DE0008DF86700FFE7119898B3FFE711981D9AF7
:100DF0005168536A48F28C22C0F6010232F813207F
:100E0000B0FBF2F0400000EB5100B0FBF1F01A90A3
:100E10001A98102818D3FFE7BDF86A00A0B9FFE7B9
:100E20001A9820F00F00ADF86E001A9800F00E012D
:100E3000BDF86E0040EA5100ADF86E00BDF86E00DE
:100E40001D990968C86003E001208DF86700FFE77D
:100E5000FFE797E09DF86D0001460191402800F200
:100E600063800199DFE801F02125606029606060FE
:100E70002F606060606060603560606060606060CE
:100E8000606060606060606056606060606060606C
:100E90006060606060606060606060606060606052
:100EA00060606060606060605C00F9F7A5F81190B8
:100EB00040E0F9F7B5F811903CE015A8F7F738FBDA
:100EC0001698119036E012A8F7F78AFC1398119043
:100ED00030E044F20040C5F60200006800F0200156
:100EE0000020B0EB511F0ED0FFE744F20040C5F6E2
:100EF00002000068C0F3C10149F20000C0F2D03026
:100F0000C840119005E049F20000C0F2D0301190C5
:100F1000FFE70FE040F60010C0F23D00119009E03D
:100F20004FF40040119005E00020119001208DF851
:100F30006700FFE7119820B3FFE711981D9A5168E9
:100F4000536A48F28C22C0F6010232F81320B0FB3B
:100F5000F2F000EB5100B0FBF1F01A901A98102853
:100F60000AD3FFE7BDF86A0030B9FFE7BDF86800B3
:100F70001D990968C86003E001208DF86700FFE74C
:100F8000FFE7FFE7FFE71D990120A1F86A001D991F
:100F9000A1F868001D99002048671D9988679DF891
:100FA00067001EB080BD000080B586B0DDF820C0AF
:100FB000049003918DF80B200193FFE704980068DB
:100FC000C06903990840401AB0FA80F040099DF8C2
:100FD0000B1088425ED1FFE708980130002858D0F6
:100FE000FFE7F5F729FF0199401A0899884203D8CD
:100FF000FFE7089820B9FFE703208DF817004DE0C0
:101000000498006800684007002841D5FFE704986D
:101010000068C06900F008010120B0EBD10F16D1C3
:10102000FFE7049801680820009008620498FFF721
:10103000EFF900980499C1F89000FFE704990020A7
:1010400081F88400FFE701208DF8170026E004985E
:101050000068C06900F400610120B0EBD12F16D107
:10106000FFE7049801684FF4006008620498FFF7F6
:10107000CFF904992020C1F89000FFE704990020DF
:1010800081F88400FFE703208DF8170006E0FFE7F2
:10109000FFE793E700208DF81700FFE79DF81700A2
:1010A00006B080BD0000000080B543F2D400C2F25B
:1010B0000040FBF7F5FA80BD80B543F26810C2F23C
:1010C0000040FBF7EDFA80BD84B0039002910192DD
:1010D000009303990120C866009840000399A1F885
:1010E0005C0003980168886840F0400088600398BD
:1010F0000168086840F010000860FFE70398D0F826
:10110000800000681021C4F20201884200F0A28031
:10111000FFE70398D0F8800000682821C4F202019C
:10112000884200F09780FFE70398D0F880000068BD
:101130004021C4F20201884200F08C80FFE703984E
:10114000D0F8800000685821C4F20201884200F003
:101150008180FFE70398D0F8800000687021C4F216
:101160000201884276D0FFE70398D0F8800000683B
:101170008821C4F2020188426CD0FFE70398D0F8BE
:1011800080000068A021C4F20201884262D0FFE71B
:101190000398D0F880000068B821C4F202018842A8
:1011A00058D0FFE70398D0F88000006840F2104163
:1011B000C4F2020188424DD0FFE70398D0F88000C6
:1011C000006840F22841C4F20201884242D0FFE7A1
:1011D0000398D0F88000006840F24041C4F2020158
:1011E000884237D0FFE70398D0F88000006840F2CB
:1011F0005841C4F2020188422CD0FFE70398D0F88E
:101200008000006840F27041C4F20201884221D09F
:10121000FFE70398D0F88000006840F28841C4F2EC
:101220000201884216D0FFE70398D0F880000068DA
:1012300040F2A041C4F2020188420BD0FFE70398BC
:10124000D0F88000006840F2B841C4F20201884240
:1012500009D1FFE70398D0F880000168086820F002
:101260000100086008E00398D0F880000168086871
:1012700020F001000860FFE7FFE70398D0F8800046
:1012800000680068C00700287FF438AFFFE70399C3
:101290000868D1F8801024300968886002980399A2
:1012A000D1F880100968C86001980399D1F88010BE
:1012B0000968086100980399D1F8801009684860AE
:1012C0000398D0F880000168086840F48020086026
:1012D0000398D0F8800000681021C4F2020188420F
:1012E00000F0A280FFE70398D0F880000068282172
:1012F000C4F20201884200F09780FFE70398D0F81B
:10130000800000684021C4F20201884200F08C8015
:10131000FFE70398D0F8800000685821C4F202016A
:10132000884200F08180FFE70398D0F880000068D1
:101330007021C4F20201884276D0FFE70398D0F80A
:10134000800000688821C4F2020188426CD0FFE767
:101350000398D0F880000068A021C4F202018842FE
:1013600062D0FFE70398D0F880000068B821C4F28B
:101370000201884258D0FFE70398D0F88000006847
:1013800040F21041C4F2020188424DD0FFE70398B9
:10139000D0F88000006840F22841C4F2020188427F
:1013A00042D0FFE70398D0F88000006840F2404147
:1013B000C4F20201884237D0FFE70398D0F88000DA
:1013C000006840F25841C4F2020188422CD0FFE785
:1013D0000398D0F88000006840F27041C4F2020126
:1013E000884221D0FFE70398D0F88000006840F2DF
:1013F0008841C4F20201884216D0FFE70398D0F872
:101400008000006840F2A041C4F2020188420BD083
:10141000FFE70398D0F88000006840F2B841C4F2BA
:101420000201884209D1FFE70398D0F880000168E3
:10143000086840F00100086008E00398D0F88000D8
:101440000168086840F001000860FFE704B07047D9
:1014500080B586B004908DF80F100498D0F8C802BB
:1014600001900498D0F8D41200EB8100D0F8C002AB
:1014700020B9FFE703208DF817005FE00498D0F84B
:10148000D41200EB8100D0F8C002029004989DF8BD
:101490000F1001F00F0101EB810100EB8100806969
:1014A00040B3FFE704989DF80F1001F00F0101EB26
:1014B000810200EB82008269019801EBC10100EB1F
:1014C0008100416CB2FBF1F000FB112090B9FFE705
:1014D00004989DF80F1001F00F0101EB810100EB62
:1014E00081000023836104989DF80F101A4601F0D3
:1014F000EFFD1FE002990020C1F814020498D0F813
:10150000D41200EB8100D0F8C402006988B1FFE773
:101510000498D0F8D41200EB8100D0F8C40203691B
:101520000299D1F8080201F504719DF80F2098473F
:10153000FFE7FFE700208DF81700FFE79DF8170091
:1015400006B080BD0000000080B584B002908DF828
:1015500007100298D0F8D41200EB8100D0F8C00236
:1015600000900298D0F8D41200EB8100D0F8C002AD
:1015700020B9FFE703208DF80F0019E002989DF8CD
:10158000071001F015FB0099C1F80C020298D0F881
:10159000D41200EB8100D0F8C402C2680099D1F8DF
:1015A000040201F50371904700208DF80F00FFE75A
:1015B0009DF80F0004B080BD80B586B005908DF811
:1015C0001310059840F69101C2F20041009109788C
:1015D00001F002F900990598097801F00F0101EB7B
:1015E000810100EB8101002003908884059840F67A
:1015F0009201C2F200410191097801F0EDF8019ADF
:1016000003980599127802F00F0202EB820201EBB7
:101610008201A1F86401059840F69001C2F20041F0
:101620000291097801F0D8F8029A03980599137885
:1016300003F00F0303EB830301EB83018884059917
:10164000127802F00F0202EB820201EB8201C884E1
:101650000598D0F8D41200EB8100D0F8C002F0B1A8
:10166000FFE70598D0F8D41200EB8100D0F8C4024F
:10167000406880470598D0F8D41200EB8100D0F87C
:10168000C00202F0D1F90598D0F8D41200EB810124
:101690000020C1F8C0020599C1F8BC02FFE7002094
:1016A00006B080BD0000000080B584B002900298B2
:1016B000D0F8D41200EB8100D0F8C002019001985C
:1016C00020B9FFE703208DF80F0025E00298D0F83D
:1016D000D41200EB8100D0F8C402C8B1FFE7019832
:1016E00090F80002FF2813D0FFE70298D0F8D41238
:1016F00000EB8100D0F8C4028368019991F80002E0
:1017000091F8012298470199FF2081F80002FFE734
:1017100000208DF80F00FFE79DF80F0004B080BD9A
:1017200081B0009000990A20088040F64830C2F24B
:10173000004001B07047000080B586B0059040F6CB
:101740000430C2F200400190822100F019FE0146EF
:1017500001980491012100F013FE014601980391C4
:10176000812100F00DFE0290049820B1FFE704995A
:1017700010208871FFE7039820B1FFE7039940200C
:101780008880FFE7029820B1FFE702994020888017
:10179000FFE705994320088040F60430C2F200407C
:1017A00006B080BD0000000080B586B0059040F610
:1017B0000430C2F200400190822100F0E1FD0146B8
:1017C00001980491012100F0DBFD0146019803918D
:1017D000812100F0D5FD0290049820B1FFE7049923
:1017E00010208871FFE7039828B1FFE703994FF4B1
:1017F00000708880FFE7029828B1FFE702994FF454
:1018000000708880FFE705994320088040F6043087
:10181000C2F2004006B080BD80B586B0059040F6AB
:101820000430C2F200400190822100F0A9FD01467F
:1018300001980491012100F0A3FD01460198039154
:10184000812100F09DFD0290049820B1FFE70499EA
:1018500010208871FFE7039820B1FFE7039940202B
:101860008880FFE7029820B1FFE702994020888036
:10187000FFE705994320088040F60430C2F200409B
:1018800006B080BD0000000080B590B00E908DF8CD
:1018900037104FF4077002F0CBF80C900C9860B939
:1018A000FFE70E98D0F8D41200EB81010020C1F8B8
:1018B000C00202208DF83F00F0E00C984FF4077151
:1018C000EEF76AFD0C980E99D1F8D42201EB820153
:1018D000C1F8C0020E99D1F8D40201EB8000D0F813
:1018E000C002C1F8BC020E98007C002840D1FFE77E
:1018F0000E9840F69101C2F2004107910978022248
:1019000008924FF40073099301F046FA0799089A78
:10191000099B0E98097801F00F0101EB810100EBA2
:10192000810101200B9088840E9840F69201C2F24A
:1019300000410A91097801F02FFA0A9A0B980E9942
:10194000127802F00F0202EB820201EB8201A1F891
:1019500064010E9840F69001C2F20041097801F04E
:101960000F0101EB810100EB81011020C8843EE0F2
:101970000E9840F69101C2F20041029109780222CC
:1019800003924023049301F007FA0299039A049BFF
:101990000E98097801F00F0101EB810100EB810144
:1019A0000120069088840E9840F69201C2F2004110
:1019B0000591097801F0F0F9059A06980E991278C8
:1019C00002F00F0202EB820201EB8201A1F8640136
:1019D0000E9840F69001C2F20041097801F00F0123
:1019E00001EB810100EB81011020C884FFE70E9814
:1019F00040F69001C2F200410091097803220823C9
:101A000001F0CAF900990E98097801F00F0101EB75
:101A1000810100EB8101012088840C990020019054
:101A2000C1F804020E98D0F8D41200EB8100D0F86F
:101A3000C4020068804701980C99C1F814020C99FF
:101A4000C1F818020C98D0F8040220B9FFE7022070
:101A50008DF83F0022E00E98007C70B9FFE70E98E9
:101A600040F69201C2F2004109780C9AD2F80422A1
:101A70004FF4007301F0B8F90CE00E9840F69201B3
:101A8000C2F2004109780C9AD2F80422402301F0F6
:101A9000ABF9FFE700208DF83F00FFE79DF83F001E
:101AA00010B080BD0000000080B584B002900298A4
:101AB000D0F8D41200EB8100D0F8C0020190029857
:101AC000D0F8D41200EB8100D0F8C00220B9FFE7B3
:101AD00003208DF80F0022E00298007C70B9FFE728
:101AE000029840F69201C2F200410978019AD2F8B8
:101AF00004224FF4007301F077F90CE0029840F6ED
:101B00009201C2F200410978019AD2F804224023DE
:101B100001F06AF9FFE700208DF80F00FFE79DF85C
:101B20000F0004B080BD000083B0019000910098C8
:101B300020B9FFE703208DF80B000BE00098019916
:101B4000D1F8D42201EB8201C1F8C40200208DF843
:101B50000B00FFE79DF80B0003B07047000000008A
:101B600084B0029001910298D0F8D41200EB810069
:101B7000D0F8C0020090009820B9FFE703208DF84C
:101B80000F0007E001980099C1F8040200208DF8C9
:101B90000F00FFE79DF80F0004B070470000000041
:101BA00085B00390029101920398D0F8D41200EB13
:101BB0008100D0F8C0020090009820B9FFE7032010
:101BC0008DF813000BE002980099C1F80802019803
:101BD0000099C1F8100200208DF81300FFE79DF86E
:101BE000130005B07047000080B58AB008900791D7
:101BF0000898D0F8D41200EB8100D0F8C00206900B
:101C000000208DF81500ADF812008DF8110006982F
:101C100020B9FFE703208DF82700C7E00798007878
:101C200000F060000146039100285ED0FFE70398B2
:101C3000202840F0AE80FFE70798C088002846D0F3
:101C4000FFE7079800780006002823D5FFE70898EB
:101C5000D0F8D41200EB8100D0F8C4028368079A50
:101C600050780699D28898470798C088082803D3E7
:101C7000FFE70720029003E00798C0880290FFE783
:101C80000298ADF8160008980699BDF8162000F0E5
:101C900083F91BE007984078069981F800020798BD
:101CA000C0883F2804D8FFE70798C088019002E069
:101CB00040200190FFE70198069981F801020898F9
:101CC000069991F8012200F037F9FFE70CE0089837
:101CD000D0F8D41200EB8100D0F8C40283680799D1
:101CE000487800229847FFE75BE007984078014674
:101CF00000910B2844D80099DFE801F006414242E8
:101D00004242424242421C32089890F89C02032808
:101D100007D1FFE708980DF11201022200F03CF90B
:101D200007E00898079900F0F7F803208DF81100F4
:101D3000FFE72DE0089890F89C02032807D1FFE701
:101D400008980DF11501012200F026F907E0089826
:101D5000079900F0E1F803208DF81100FFE717E084
:101D6000089890F89C02032808D0FFE70898079984
:101D700000F0D2F803208DF81100FFE708E007E03B
:101D80000898079900F0C8F803208DF81100FFE7C4
:101D900007E00898079900F0BFF803208DF81100BC
:101DA000FFE79DF811008DF82700FFE79DF8270059
:101DB0000AB080BD0000000080B584B00290029897
:101DC000D0F8D41200EB8100D0F8C00201900120BD
:101DD0008DF80300019820B9FFE703208DF80F006C
:101DE0002AE00198D0F8140208BBFFE7019901200E
:101DF000C1F814020198D0F81002029A40F691013D
:101E0000C2F200410B7803F00F0303EB830302EBF4
:101E10008302906102980978019BD3F80822D3F8D5
:101E2000103201F055F900208DF80300FFE79DF80E
:101E300003008DF80F00FFE79DF80F0004B080BD90
:101E400080B582B001908DF8031000208DF802005B
:101E50000198D0F8B8124A689DF80310904720B155
:101E6000FFE703208DF80200FFE79DF8020002B0B3
:101E700080BD00000000000080B582B0019000919C
:101E8000019890F89C02013802280ED8FFE70098CC
:101E90004088012808D1FFE701990020C1F8A40279
:101EA000019800F095F8FFE704E00198009900F030
:101EB00033F8FFE702B080BD82B001908DF80310C7
:101EC000002002B07047000082B001908DF803102E
:101ED000002002B07047000080B584B003900291EA
:101EE00001920398029A019B0021009100F07CFF6F
:101EF000009804B080BD000080B584B003900291CA
:101F000001920398029A019B0021009101F0E0F8F0
:101F1000009804B080BD000080B582B001900091AF
:101F20000198802101F080F80198002101F07CF8EF
:101F300002B080BD0000000080B584B00390029123
:101F4000019203990320C1F8940201980399C1F802
:101F5000580101980399C1F85C010398029A019B0A
:101F60000021009100F040FF009804B080BD000007
:101F700080B582B0019001990520C1F894020198C2
:101F80000023009319461A4600F02EFF009802B075
:101F900080BD00000000000080B584B00390029175
:101FA000019203990220C1F8940201980399886173
:101FB00001980399C8610398029A019B002100913E
:101FC00001F086F8009804B080BD00000000000019
:101FD00080B582B0019001990420C1F89402019863
:101FE0000023009319461A4601F072F8009802B0D7
:101FF00080BD00000000000080B584B00390029115
:102000000298C088012805D0FFE703980299FFF7DE
:1020100083FF21E0039890F89C12481E019102284A
:1020200004D3FFE7019803280AD00FE003990020AA
:102030008860039800F108010122FFF7ADFF0AE074
:102040000398011D0122FFF7A7FF04E003980299FE
:10205000FFF762FFFFE7FFE704B080BD000000006C
:1020600080B588B0079006910020ADF81600049066
:102070008DF80F000698C0780138014602910E28AD
:1020800000F241810299DFE811F02A00340051008A
:102090003E013E010B0123013E013E013E013E0196
:1020A0003E013E013E010F000798D0F8B402C0691E
:1020B00050B1FFE70798D0F8B412CA69007C0DF15F
:1020C00016019047049009E007980699FFF724FF4E
:1020D0009DF80F0001308DF80F00FFE71DE1079814
:1020E000D0F8B4120A68007C0DF1160190470490F4
:1020F00013E10798007C60B9FFE70798D0F8B802B1
:10210000816A0DF1160088470490049902204870F6
:102110000BE00798D0F8B802C16A0DF116008847A5
:102120000490049902204870FFE7F6E00698807852
:1021300001460191052800F2A8800199DFE801F02D
:10214000031E39546F8A0798D0F8B402406850B122
:10215000FFE70798D0F8B4124A68007C0DF1160129
:102160009047049009E007980699FFF7D5FE9DF87F
:102170000F0001308DF80F00FFE790E00798D0F8CE
:10218000B402806850B1FFE70798D0F8B4128A68AB
:10219000007C0DF116019047049009E0079806991C
:1021A000FFF7BAFE9DF80F0001308DF80F00FFE732
:1021B00075E00798D0F8B402C06850B1FFE70798FF
:1021C000D0F8B412CA68007C0DF116019047049053
:1021D00009E007980699FFF79FFE9DF80F00013070
:1021E0008DF80F00FFE75AE00798D0F8B4020069B5
:1021F00050B1FFE70798D0F8B4120A69007C0DF1DE
:1022000016019047049009E007980699FFF784FEAD
:102210009DF80F0001308DF80F00FFE73FE00798B1
:10222000D0F8B402406950B1FFE70798D0F8B41273
:102230004A69007C0DF116019047049009E0079867
:102240000699FFF769FE9DF80F0001308DF80F0029
:10225000FFE724E00798D0F8B402806950B1FFE7A7
:102260000798D0F8B4128A69007C0DF116019047E6
:10227000049009E007980699FFF74EFE9DF80F00BD
:1022800001308DF80F00FFE709E007980699FFF786
:1022900043FE9DF80F0001308DF80F00FFE73CE092
:1022A0000798007C48B9FFE70798D0F8B802416B5F
:1022B0000DF116008847049009E007980699FFF78A
:1022C0002BFE9DF80F0001308DF80F00FFE724E092
:1022D0000798007C60B9FFE70798D0F8B802016B57
:1022E0000DF116008847049004990720487009E012
:1022F00007980699FFF710FE9DF80F0001308DF842
:102300000F00FFE709E007980699FFF705FE9DF823
:102310000F0001308DF80F00FFE79DF80F0008B1A6
:10232000FFE72AE00698C08818B3FFE7BDF816005B
:10233000C8B1FFE7BDF816000699C988884204DADB
:10234000FFE7BDF81600009003E00698C0880090F3
:10235000FFE70098ADF8160007980499BDF816201D
:10236000FFF71AFE04E007980699FFF7D5FDFFE78F
:1023700003E00798FFF72CFEFFE708B080BD0000E0
:1023800080B586B005908DF81310059803900598D8
:10239000029000200190029948880978884227DD40
:1023A000FFE702980078ADF80200FFE7BDF80200F1
:1023B0000299498888421ADAFFE703980DF1020171
:1023C00000F036F803900398407805280ED1FFE717
:1023D00003980190019880789DF81310884201D1EC
:1023E000FFE704E000200190FFE7FFE7DEE7FFE7FB
:1023F000019806B080BD000083B0029000208DF8E7
:10240000070002980090FFE70098007848B1FFE7C6
:102410009DF8070001308DF807000098013000900A
:10242000F2E79DF8070003B07047000000000000CD
:1024300083B002900191029800900098027801996F
:102440000888104408800298009909780844009090
:10245000009803B07047000080B582B001900091F1
:10246000019890F89C02013802281FD8FFE70098D5
:10247000C088022805D0FFE701980099FFF74CFDBE
:1024800019E001990120C8600198D0F8A40230B188
:10249000FFE70199C86840F00200C860FFE70198B3
:1024A00000F10C010222FFF777FD04E0019800998A
:1024B000FFF732FDFFE702B080BD00000000000022
:1024C00080B586B005900491039200208DF80B0032
:1024D000059808B9FFE73DE0059801900198FFF7DE
:1024E0008BFF0146022000EB41000399088003980E
:1024F000007804999DF80B2088549DF80B0001305A
:102500008DF80B0004999DF80B20032088549DF84A
:102510000B0001308DF80B00FFE701980078C8B17F
:10252000FFE70198007804999DF80B2088540198E2
:10253000013001909DF80B0001308DF80B000499DB
:102540009DF80B20002088549DF80B0001308DF879
:102550000B00E2E706B080BD82B08DF807000020D6
:102560008DF806009DF8070001460091032814D855
:102570000099DFE801F002060A0E00208DF806003F
:102580000FE003208DF806000BE001208DF8060017
:1025900007E003208DF8060003E003208DF8060015
:1025A000FFE79DF8060002B0704700000000000041
:1025B00080B582B08DF8070000919DF8070060B9E2
:1025C000FFE7009A48F2D920C0F6010040F6945186
:1025D000C2F20041FFF774FF0BE0009A48F2D920E5
:1025E000C0F6010040F69451C2F20041FFF768FFC7
:1025F000FFE740F69450C2F2004002B080BD0000F8
:1026000082B08DF80700009100991220088040F6F2
:102610005430C2F2004002B07047000000000000D9
:1026200080B582B08DF8070000919DF8070060B971
:10263000FFE7009A48F2CB20C0F6010040F6945123
:10264000C2F20041FFF73CFF0BE0009A48F2CB20BA
:10265000C0F6010040F69451C2F20041FFF730FF8E
:10266000FFE740F69450C2F2004002B080BD000087
:1026700082B08DF80700009100990420088040F690
:102680007C30C2F2004002B0704700000000000041
:1026900080B584B08DF80F000291029A48F2E420D0
:1026A000C0F6010040F69451C2F200410191FFF7DB
:1026B00007FF019804B080BD80B582B08DF8070097
:1026C00000919DF8070060B9FFE7009A48F2F720F3
:1026D000C0F6010040F69451C2F20041FFF7F0FE4F
:1026E0000BE0009A48F2F720C0F6010040F6945142
:1026F000C2F20041FFF7E4FEFFE740F69450C2F259
:10270000004002B080BD000080B582B08DF80700A7
:10271000009100991A200880EFF73EFE40F68030C5
:10272000C2F2004002B080BD80B584B00290019139
:102730008DF80320029820B9FFE703208DF80F00E1
:1027400023E002990020C1F8B8020299C1F8C4023E
:102750000299C1F8D002019828B1FFE701980299C7
:10276000C1F8B402FFE70299012081F89C029DF8AC
:10277000030002990870029800F02AFA8DF802000E
:102780009DF802008DF80F00FFE79DF80F0004B0E0
:1027900080BD00000000000080B582B001908DF87F
:1027A000031000208DF802008DF801000198D0F888
:1027B000C8029DF80310F4F78FFD8DF802009DF814
:1027C0000200FFF7C9FE8DF801009DF8010002B07C
:1027D00080BD00000000000080B582B001908DF83F
:1027E000031000208DF802008DF801000198D0F848
:1027F000C8029DF80310F4F71BFD8DF802009DF848
:102800000200FFF7A9FE8DF801009DF8010002B05B
:1028100080BD00000000000080B588B006908DF8F3
:10282000171004929DF81700002874D1FFE706984E
:10283000143003900698D0F8940202285DD1FFE787
:1028400003998868C968884212D9FFE703998868A4
:10285000CA68801A886006980499039A9268FFF7FC
:102860004BFB0698002319461A4600F0BDFA43E0D8
:1028700003988168C06888421ED1FFE703994868C1
:10288000C968884218D3FFE7039840680699D1F8D1
:102890009812884210D2FFE7069800220192114652
:1028A000FFF72AFB019B0698C0F898320698194654
:1028B0001A4600F099FA1EE0069890F89C02032848
:1028C00011D1FFE70698D0F8B802C06850B1FFE711
:1028D00006990020C1F8D4020698D0F8B812C96849
:1028E0008847FFE7FFE70698802100F09DFB0698E8
:1028F000FFF73EFBFFE7FFE7FFE7069890F8A0022F
:1029000040B1FFE7069800F077FC0699002081F8B7
:10291000A002FFE740E006989DF8171041F0800103
:10292000FFF7CAFA8DF80A009DF80A00FF2832D096
:10293000FFE79DF80A0070BBFFE7069890F89C023D
:10294000032827D1FFE706989DF80A1000EB8100C5
:10295000D0F8B8024069E0B1FFE79DF80A00069997
:10296000C1F8D40206989DF80A1000EB8101D1F855
:10297000B8124A699DF8171090478DF80B009DF822
:102980000B0028B1FFE79DF80B008DF81F0007E052
:10299000FFE7FFE7FFE7FFE700208DF81F00FFE7F5
:1029A0009DF81F0008B080BD80B58AB008908DF8F2
:1029B0001F10069200208DF813009DF81F000028BC
:1029C00040F08280FFE7089800F5AA70059008980B
:1029D000D0F89402032876D1FFE705998868C96882
:1029E00088421DD9FFE705998868CA68801A8860FF
:1029F000089802900698039005998868C9688842EB
:102A000004D2FFE705988068019003E00598C0684C
:102A10000190FFE703990298019AFFF75DFA51E0F0
:102A2000089890F8AA0200F01F000146009140B1FA
:102A3000FFE70098012808D0FFE7009802280CD093
:102A400013E000208DF8120013E0089890F8AE1201
:102A5000FFF73AFA8DF812000BE0089890F8AE12E2
:102A6000FFF72AFA8DF8120003E000208DF812001B
:102A7000FFE79DF8120008BBFFE7089890F89C025A
:102A800003281AD1FFE708989DF8121000EB810087
:102A9000D0F8B802006978B1FFE79DF812000899F4
:102AA000C1F8D40208989DF8121000EB8101D1F80A
:102AB000B81209698847FFE7FFE7FFE70898FFF7C3
:102AC00087FAFFE7FFE740E008989DF81F1001F044
:102AD0007F01FFF7F1F98DF812009DF81200FF2831
:102AE00032D0FFE79DF8120070BBFFE7089890F81E
:102AF0009C0203281ED1FFE708989DF8121000EBF6
:102B00008100D0F8B802806998B1FFE79DF8120003
:102B10000899C1F8D40208989DF8121000EB8101C1
:102B2000D1F8B8128A699DF81F1090478DF81300EC
:102B3000FFE7FFE79DF8130028B1FFE79DF81300BA
:102B40008DF8270005E0FFE7FFE700208DF827005C
:102B5000FFE79DF827000AB080BD000000000000DC
:102B600081B00090002001B070470000000000001C
:102B700080B582B0019000208DF8030001990120FA
:102B800081F89C020198D0F8B80268B1FFE701987B
:102B9000D0F8B8124A680179904720B1FFE70320C6
:102BA0008DF80300FFE7FFE79DF8030002B080BD4A
:102BB00080B582B001908DF803100198D0F8C8025A
:102BC0009DF80310F4F7ECFB02B080BD000000009C
:102BD00080B584B0039003980078012838D1FFE7CE
:102BE000039942F6A820C2F200400290C0F80815EE
:102BF0000399C1F8C8020021C4F20401016009214F
:102C00004160022202610021C1608261C1610162F2
:102C10004162C16201634163F5F796F918B1FFE7BC
:102C2000EFF736F9FFE742F6A820C2F20040019024
:102C30004FF40071F4F730FA019800218022F4F784
:102C400037FA019801214FF4BA72F4F731FAFFE72D
:102C5000002004B080BD000084B002908DF8071001
:102C60000298D0F8C80200909DF8070000060028DE
:102C70000ED5FFE700989DF8071001F07F0101EBEA
:102C8000C10100EB810090F83E008DF80F000DE0CF
:102C900000989DF8071001F07F0101EBC10100EBE6
:102CA000810090F87E028DF80F00FFE79DF80F007D
:102CB00004B070470000000080B584B002908DF829
:102CC00007100298D0F8D41200EB8100D0F8B802B7
:102CD00020B9FFE703208DF80F0020E0029890F85C
:102CE0009C02032817D1FFE70298D0F8D41200EB1A
:102CF0008100D0F8B802006A60B1FFE70298D0F80E
:102D0000D41200EB8101D1F8B8120A6A9DF80710BD
:102D10009047FFE7FFE700208DF80F00FFE79DF8E1
:102D20000F0004B080BD000080B584B002908DF823
:102D300007100298D0F8D41200EB8100D0F8B80246
:102D400020B9FFE703208DF80F0020E0029890F8EB
:102D50009C02032817D1FFE70298D0F8D41200EBA9
:102D60008100D0F8B802406A60B1FFE70298D0F85D
:102D7000D41200EB8101D1F8B8124A6A9DF807100D
:102D80009047FFE7FFE700208DF80F00FFE79DF871
:102D90000F0004B080BD000080B584B003908DF8B2
:102DA0000B108DF80A20ADF8083000208DF80700D0
:102DB0008DF806000398D0F8C8029DF80B10BDF8F6
:102DC00008209DF80A30F4F7FFFA8DF807009DF807
:102DD0000700FFF7C1FB8DF806009DF8060004B060
:102DE00080BD00000000000080B586B005908DF821
:102DF00013100392029300208DF807008DF806004F
:102E00000598D0F8C8029DF81310039A029BF4F7B6
:102E100053FB8DF807009DF80700FFF79DFB8DF829
:102E200006009DF8060006B080BD0000000000000E
:102E300080B586B0059000208DF81300059A012119
:102E400082F89C120599C1F8940205994860059989
:102E5000C1F8A402059981F8A0020598D0F8B8023B
:102E6000A0B1FFE70598D0F8B802406868B1FFE765
:102E70000598D0F8B8124A680179904720B1FFE769
:102E800003208DF81300FFE7FFE7FFE70598002216
:102E90000192402303931146FFF77EFF019A039BA3
:102EA000059901200290A1F864010598C0F86031ED
:102EB00005988021FFF770FF02990398059A918485
:102EC000059908629DF8130006B080BD000000005F
:102ED00081B00090009890F89C02042807D1FFE789
:102EE000009890F89D02009981F89C02FFE700206D
:102EF00001B070470000000080B582B001900198D9
:102F000090F89C02032813D1FFE70198D0F8B8028B
:102F100068B1FFE70198D0F8B802C06930B1FFE7A7
:102F20000198D0F8B812C9698847FFE7FFE7FFE7C3
:102F3000002002B080BD000082B001908DF8031027
:102F40009DF8030001990874002002B0704700004A
:102F500080B582B001908DF8031000208DF802003A
:102F60008DF801000198D0F8C8029DF80310F5F71C
:102F7000CFF98DF802009DF80200FFF7EDFA8DF809
:102F800001009DF8010002B080BD000000000000BB
:102F900080B584B003900291039800F2AA200299B0
:102FA00000F0BAF803990120C1F894020399B1F82E
:102FB000B002C1F89802039890F8AA0200F01F002E
:102FC0000146009140B1FFE7009801280CD0FFE7CF
:102FD0000098022810D017E0039800F2AA2100F010
:102FE00067FA8DF8070019E0039800F2AA2100F0B3
:102FF0009FFC8DF8070011E0039800F2AA2100F071
:10300000BFFA8DF8070009E0039890F8AA1201F0C2
:10301000800100F009F88DF80700FFE79DF8070030
:1030200004B080BD0000000080B582B001908DF832
:10303000031000208DF802008DF801000198D0F8EF
:10304000C8029DF80310F4F76FFA8DF802009DF89E
:103050000200FFF781FA8DF801009DF8010002B02F
:1030600080BD00000000000080B582B0019000200B
:103070008DF803008DF802000198D0F8C802F5F72A
:1030800083F98DF803009DF80300FFF765FA8DF8CA
:1030900002009DF8020002B080BD000000000000A8
:1030A00081B00090009890F89C02042807D0FFE7B8
:1030B000009890F89C02009981F89D02FFE7009922
:1030C000042081F89C02002001B07047000000003D
:1030D00080B586B005908DF81310039202930020FE
:1030E0008DF807008DF806000598D0F8C8029DF805
:1030F0001310039A029BF4F787FA8DF807009DF8E6
:103100000700FFF729FA8DF806009DF8060006B0C3
:1031100080BD00000000000080B584B003900291E3
:103120000298019001980078039908700198013085
:10313000019001980078039948700198013001903E
:103140000198FBF749FE03994880019801300190EE
:103150000198013001900198FBF73EFE03998880A9
:103160000198013001900198013001900198FBF71E
:1031700033FE0399C88004B080BD00000000000049
:1031800080B584B0029001910020ADF80200019852
:1031900020B9FFE703208DF80F0026E0019802997F
:1031A000C1F8B8020298D0F8D41200EB8100D0F830
:1031B000B802C06A78B1FFE70298D0F8D41200EBE9
:1031C0008100D0F8B802C16A0DF102008847029967
:1031D000C1F8D002FFE70299D1F8D8020130C1F856
:1031E000D80200208DF80F00FFE79DF80F0004B013
:1031F00080BD00000000000081B00090002001B000
:10320000704700000000000080B584B00390029178
:1032100002988088B8BBFFE70298C08898BBFFE798
:10322000029840887F282ED8FFE70298807800F027
:103230007F008DF80700039890F89C02032805D1C1
:10324000FFE703980299FEF767FE1BE09DF8070071
:10325000039981F89E0203989DF80710FFF778FE06
:103260000398FEF7B5FE9DF8070028B1FFE7039924
:10327000022081F89C0204E00399012081F89C025D
:10328000FFE7FFE704E003980299FEF745FEFFE73A
:1032900004B080BD0000000080B582B001908DF8C0
:1032A000031000208DF802000198D0F8B80250B148
:1032B000FFE70198D0F8B8120A689DF8031090470C
:1032C0008DF80200FFE79DF8020002B080BD00000B
:1032D00080B586B00490039100208DF80B00039810
:1032E000817840F69050C2F20040017000780228C8
:1032F00008D3FFE704980399FEF70EFE03208DF82C
:103300001700A0E0049890F89C0201460191022861
:1033100004D0FFE7019803282FD07FE040F69050BB
:10332000C2F20040007818B3FFE740F69051C2F2B5
:1033300000410878049A506004980978FFF7ACFFC0
:103340008DF80B009DF80B0048B1FFE70498039936
:10335000FEF7E2FD0499022081F89C0207E0049840
:10336000FEF736FE0499032081F89C02FFE703E094
:103370000498FEF72DFEFFE760E040F69050C2F2A1
:103380000040007898B9FFE70499022081F89C0278
:1033900040F69051C2F200410878049A50600498B7
:1033A0000978FEF74DFD0498FEF712FE35E040F671
:1033B0009050C2F20040007804994968884227D0B2
:1033C000FFE704980179FEF73BFD40F69051C2F209
:1033D00000410878049A506004980978FFF75CFF70
:1033E0008DF80B009DF80B0068B1FFE70498039976
:1033F000FEF792FD04980179FEF722FD0499022060
:1034000081F89C0203E00498FEF7E2FDFFE703E089
:103410000498FEF7DDFDFFE7FFE70FE0049803994E
:10342000FEF77AFD049840F69051C2F20041097807
:10343000FEF706FD03208DF80B00FFE79DF80B005B
:103440008DF81700FFE79DF8170006B080BD00005B
:1034500080B582B00190009100984088012808D181
:10346000FFE701990120C1F8A4020198FEF7B0FD21
:1034700013E000984088022809D1FFE700984079BE
:10348000019981F8A0020198FEF7A2FD04E00198DD
:103490000099FEF741FDFFE7FFE702B080BD0000A5
:1034A00080B582B001900198FFF7DEFD02B080BDCB
:1034B00080B586B00590049100208DF80F00049827
:1034C000007800F0600001460291A8B1FFE7029881
:1034D000202804D0FFE70298402846D1FFE705984E
:1034E000D0F8D41200EB8101D1F8B8128A6804999F
:1034F00090478DF80F003DE0049840780146019117
:1035000009282CD80199DFE801F01B252A202A0A76
:10351000052A160F05980499FEF7A2FD24E00598E8
:103520000499FFF771FE1FE005980499FFF7D0FE9C
:103530008DF80F0018E005980499FEF75DFD13E083
:1035400005980499FEF788FF0EE005980499FFF7A7
:103550007FFF09E005980499FEF78EFC04E00598CA
:103560000499FEF7D9FCFFE704E005980499FEF7FB
:10357000D3FCFFE79DF80F0006B080BD00000000FF
:1035800080B58CB00B900A9100208DF821000A982C
:1035900080888DF823000A98007800F060000146CA
:1035A0000791B8B3FFE70798202805D0FFE70798F1
:1035B000402840F0B281FFE70B989DF82310FEF7FA
:1035C0007BFC8DF822009DF82200FF2821D0FFE728
:1035D0009DF82200E8B9FFE79DF822000B99C1F899
:1035E000D4020B989DF8221000EB8100D0F8B802AD
:1035F000806868B1FFE70B989DF8221000EB81010D
:10360000D1F8B8128A680A9990478DF82100FFE72F
:10361000FFE787E10A98407801460691002800F00C
:10362000BD80FFE7069801284CD0FFE706980328E5
:1036300040F06D81FFE70B9890F89C0201460591E0
:10364000022804D0FFE70598032819D034E09DF83C
:10365000230078B1FFE79DF8230080280AD0FFE718
:103660000B989DF82310FFF7DFFC0B988021FFF7E4
:10367000DBFC04E00B980A99FEF74EFCFFE720E024
:103680000A984088A0B9FFE79DF8230078B1FFE7CA
:103690009DF8230080280AD0FFE70A98C08830B937
:1036A000FFE70B989DF82310FFF7BEFCFFE7FFE74D
:1036B0000B98FEF78DFC04E00B980A99FEF72CFCA2
:1036C000FFE729E10B9890F89C020146049102283B
:1036D00004D0FFE70498032819D059E09DF823008F
:1036E00078B1FFE79DF8230080280AD0FFE70B9808
:1036F0009DF82310FFF798FC0B988021FFF794FCAE
:1037000004E00B980A99FEF707FCFFE745E00A98EA
:103710004088E0BBFFE79DF82300400630B1FFE79B
:103720000B989DF82310FFF737F8FFE70B98FEF78B
:103730004FFC0B989DF82310FEF7BEFB8DF822007E
:103740009DF82200FF2821D0FFE79DF82200E8B96C
:10375000FFE79DF822000B99C1F8D4020B989DF861
:10376000221000EB8100D0F8B802806868B1FFE752
:103770000B989DF8221000EB8101D1F8B8128A68ED
:103780000A9990478DF82100FFE7FFE7FFE704E083
:103790000B980A99FEF7C0FBFFE7BDE00B9890F885
:1037A0009C0201460391022804D0FFE703980328F6
:1037B00038D0A6E09DF8230050B1FFE79DF8230024
:1037C000802805D0FFE70B980A99FEF7A5FB9DE03E
:1037D0009DF82300000600280CD5FFE70B989DF804
:1037E000231001F07F0101EB810100EB8100143017
:1037F00002900CE00B989DF8231001F07F0101EB83
:10380000810100EB810000F5AA700290FFE70298A9
:1038100009900999002008600B9809990222FEF787
:10382000BBFB73E09DF823000006002812D5FFE7DC
:103830000B989DF8231001F00F0101EB810100EBC3
:103840008100808C28B9FFE70B980A99FEF764FB8A
:103850005CE012E00B989DF8231001F00F0101EBE2
:10386000810100EB8100B0F8640128B9FFE70B98F3
:103870000A99FEF751FB49E0FFE79DF82300000697
:1038800000280CD5FFE70B989DF8231001F07F016D
:1038900001EB810100EB8100143001900CE00B98EA
:1038A0009DF8231001F07F0101EB810100EB810005
:1038B00000F5AA700190FFE7019809909DF8230098
:1038C00028B1FFE79DF82300802804D1FFE709997C
:1038D000002008600FE00B989DF82310FFF7BCF95B
:1038E00020B1FFE709990120086003E00999002051
:1038F0000860FFE7FFE70B9809990222FEF74CFBEF
:1039000004E00B980A99FEF707FBFFE704E00B9829
:103910000A99FEF701FBFFE704E00B980A99FEF70E
:10392000FBFAFFE79DF821000CB080BD000000000D
:1039300080B584B00390029100208DF807000298B2
:10394000007800F060000146009140B1FFE7009868
:10395000202804D0FFE7009840285AD1FFE70398B9
:1039600090F89C02013802284DD8FFE702980079B0
:10397000012842D8FFE7039802990979FEF7A4FAD3
:103980008DF806009DF80600FF2825D0FFE79DF87A
:10399000060008BBFFE703989DF8061000EB8100C6
:1039A000D0F8B802806890B1FFE79DF8060003994F
:1039B000C1F8D40203989DF8061000EB8101D1F8FC
:1039C000B8128A68029990478DF8070003E0032037
:1039D0008DF80700FFE703E003208DF80700FFE7FD
:1039E0000298C08840B9FFE79DF8070020B9FFE7BB
:1039F0000398FEF7EDFAFFE704E003980299FEF75B
:103A00008BFAFFE704E003980299FEF785FAFFE7D7
:103A100004E003980299FEF77FFAFFE79DF807009C
:103A200004B080BD0000000081B0009001B070477C
:103A300081B0009040F69470C2F2004001B070472F
:103A400084B003900291039801900298007800904E
:103A500002984078012830D1FFE70298007800F002
:103A60000F010120884082B20199D1F81C0810434F
:103A7000C1F81C080198009900EB4110D0F800092A
:103A80000004002818D4FFE7029988686FF3DF204C
:103A9000097940EA8140009A40EA8250019901EB9D
:103AA0004211D1F80029104348F20002C1F200028D
:103AB0001043C1F80009FFE72EE00298007800F0FB
:103AC0000F01012000FA01F20199D1F81C0840EA27
:103AD0000240C1F81C080198009900EB4110D0F891
:103AE000000B0004002816D4FFE7029988686FF3E2
:103AF000DF20097940EA81400199009A01EB4211E7
:103B0000D1F8002B104348F20002C1F2000210432A
:103B1000C1F8000BFFE7FFE7002004B0704700008A
:103B200082B00190019800900099D1F8000940F20C
:103B3000FF729043C1F800090099D1F8040840F4DD
:103B40008070C1F80408002002B070470000000037
:103B50002DE9F04F91B00191DDF88CB0DDF888A02F
:103B6000DDF88490DDF880801F9F1E9E1D9D1C9CAB
:103B7000DDF86CE0DDF868C001990199CDF840B03E
:103B8000CDF83CA0CDF83890CDF834800C970B964A
:103B90000A950994CDF820E0CDF81CC00693059253
:103BA000049103900998012822D1FFE70399886BBB
:103BB00020F4803088630399C8684FF6BF72CFF64F
:103BC000BD721040C8600399C86820F44010C860F6
:103BD0001098012806D1FFE70399C86840F48010C7
:103BE000C860FFE7039800F03FF88DF80B0019E07C
:103BF0000399C86840F04000C860039800F034F8AA
:103C00008DF80B000D9830B9FFE70399886B40F4ED
:103C10008030886305E00399886B20F480308863E6
:103C2000FFE7FFE70698012816D1FFE70399C86D63
:103C300080B2C8650399C86D0022C0F2EE3210430D
:103C4000C8650399886840F0060088600399886811
:103C500040F020008860FFE79DF80B0011B0BDE840
:103C6000F08F00000000000083B001900020009061
:103C7000FFE7009801300090009840F64151C0F2F3
:103C80000301884204D3FFE703208DF80B0028E0EE
:103C9000FFE701980069C00F0028EAD0FFE7002085
:103CA00000900199086940F001000861FFE7009861
:103CB00001300090009840F64151C0F20301884263
:103CC00004D3FFE703208DF80B000AE0FFE701981B
:103CD0000069C0070028EAD1FFE700208DF80B003B
:103CE000FFE79DF80B0003B07047000000000000E4
:103CF00084B003900291039801900298007800909C
:103D00000298407801284CD1FFE70198009900EB18
:103D10004110D0F80009C00FA8B1FFE70198009941
:103D200000EB4111D1F8000940F00060C1F8000932
:103D30000198009900EB4111D1F8000940F0804052
:103D4000C1F80009FFE70298007800F00F00012198
:103D500001FA00F20020CFF6FF7060EA020C019B2E
:103D6000D3F83C2802EA0C02C3F83C28029A1278E5
:103D700002F00F02914060EA01020199D1F81C089B
:103D80001040C1F81C080198009900EB4111D1F8CE
:103D9000000947F60002CEF633421040C1F8000990
:103DA00046E00198009900EB4110D0F8000BC00FDD
:103DB000A8B1FFE70198009900EB4111D1F8000B81
:103DC00040F00060C1F8000B0198009900EB411130
:103DD000D1F8000B40F08040C1F8000BFFE70298DB
:103DE000007800F00F01012000FA01F3019AD2F8E7
:103DF0003C1821EA0341C2F83C180299097801F005
:103E00000F0100FA01F20199D1F81C0820EA0240E2
:103E1000C1F81C080198009900EB4111D1F8000B82
:103E200047F60002CEF6F3721040C1F8000BFFE730
:103E3000002004B07047000082B00190019800900B
:103E40000099D1F8000E20F00300C1F8000E00998F
:103E5000D1F8040820F00200C1F80408002002B0E4
:103E6000704700000000000082B0019001980090AF
:103E70000099D1F8000E20F00300C1F8000E00995F
:103E8000D1F8040840F00200C1F80408002002B094
:103E900070470000000000002DE9F04F93B0019141
:103EA000DDF894B0DDF890A0DDF88C90DDF8888026
:103EB000219F209E1F9D1E9CDDF874E0DDF870C0E0
:103EC00001990199CDF848B0CDF844A0CDF84090C3
:103ED000CDF83C800E970D960C950B94CDF828E00C
:103EE000CDF824C0089307920691059000208DF824
:103EF0001300059903910290FFE702980E280CD851
:103F0000FFE70598029900EB81010020C1F8040148
:103F1000FFE7029801300290EFE71098B8B9FFE789
:103F20000399D1F8040840F00200C1F8040805998B
:103F3000886B20F4001088630599086840F0400001
:103F400008600599086840F08000086005E0059960
:103F5000886B40F400108863FFE703990020C1F8E4
:103F6000000E0399D1F80008C1F800080B98012849
:103F70000ED1FFE7099828B9FFE70598002100F066
:103F8000CFFE04E00598012100F0CAFEFFE704E03F
:103F90000598032100F0C4FEFFE70598102100F00A
:103FA000A7FC20B1FFE701208DF81300FFE705987B
:103FB00000F05EFC20B1FFE701208DF81300FFE761
:103FC00003990020C1F810080399C1F81408039957
:103FD000C1F81C080290FFE70298069988423BD27C
:103FE000FFE70398029900EB4110D0F80009C00FD9
:103FF000B0B1FFE7029848B9FFE70398029900EBD8
:1040000041114FF00060C1F8000908E003980299DF
:1040100000EB41114FF09040C1F80009FFE707E0C5
:104020000398029900EB41110020C1F80009FFE755
:104030000398029900EB41110020C1F81009039880
:10404000029900EB41114FF67F30C1F80809FFE7F4
:10405000029801300290BFE700200290FFE702982B
:10406000069988423BD2FFE70398029900EB411082
:10407000D0F8000BC00FB0B1FFE7029848B9FFE7D6
:104080000398029900EB41114FF00060C1F8000B5A
:1040900008E00398029900EB41114FF09040C1F8FD
:1040A000000BFFE707E00398029900EB41110020A5
:1040B000C1F8000BFFE70398029900EB41110020C3
:1040C000C1F8100B0398029900EB41114FF67F30B5
:1040D000C1F8080BFFE7029801300290BFE703998F
:1040E000D1F8100820F48070C1F81008059900205C
:1040F000886105996FF080404861089830B9FFE702
:104100000599886940F010008861FFE70599886982
:1041100043F60002C8F23C02104388610C9830B1AB
:10412000FFE70599886940F008008861FFE710986B
:10413000012808D1FFE7059988690422C4F200022A
:1041400010438861FFE79DF8130013B0BDE8F08FBE
:1041500081B000900099886820F0010088600020FC
:1041600001B070470000000086B004908DF80F1079
:104170000292049801900498006C0090009843F219
:104180000B01C4F6547188420BD3FFE70198D0F8B5
:10419000000BC00F20B1FFE700208DF817002EE0C4
:1041A000FFE701990020C1F8100B0199D1F8100B1D
:1041B00040F40020C1F8100B0199D1F8100B40F029
:1041C0001800C1F8100B0199D1F8100B40F0C04055
:1041D000C1F8100B9DF80F0001280CD1FFE70298E1
:1041E0000199C1F8140B0199D1F8000B40F080201F
:1041F000C1F8000BFFE700208DF81700FFE79DF8DE
:10420000170006B07047000084B003900291039835
:10421000019002980078009002984078012820D1FF
:10422000FFE70198009900EB4111D1F8000920F453
:104230000010C1F8000902980079032805D0FFE7B3
:104240000298007902280BD1FFE70198009900EB52
:104250004111D1F8000940F08050C1F80009FFE792
:104260001FE00198009900EB4111D1F8000B20F4F8
:104270000010C1F8000B02980079032805D0FFE771
:104280000298007902280BD1FFE70198009900EB12
:104290004111D1F8000B40F08050C1F8000BFFE74E
:1042A000FFE7002004B0704784B0039002910398A8
:1042B000019002980078009002984078012822D15D
:1042C000FFE70198009900EB4110D0F80009C00FFA
:1042D00070B9FFE7009858B1FFE70198009900EB2B
:1042E0004111D1F8000920F08040C1F80009FFE732
:1042F0000198009900EB4111D1F8000940F4001039
:10430000C1F8000921E00198009900EB4110D0F8B4
:10431000000BC00F70B9FFE7009858B1FFE7019894
:10432000009900EB4111D1F8000B20F08040C1F85A
:10433000000BFFE70198009900EB4111D1F8000B49
:1043400040F40010C1F8000BFFE7002004B07047F4
:1043500080B588B0079006918DF8172007980490D3
:1043600006980078039006984078012840F01C8158
:10437000FFE706980069F8B9FFE70498039900EB96
:104380004111D1F810096FF3DC40C1F8100904980D
:10439000039900EB4111D1F8100940F40020C1F855
:1043A00010090498039900EB4111D1F810096FF33B
:1043B0001200C1F8100969E00498039900EB41115B
:1043C000D1F810096FF31200C1F81009049803998D
:1043D00000EB4111D1F810096FF3DC40C1F810096E
:1043E0000398A8B9FFE7069881680069884204D954
:1043F000FFE7069988680861FFE70498039900EBD6
:104400004111D1F8100940F40020C1F8100915E05D
:1044100006988168006908440138B0FBF1F100207A
:10442000C1F6F87000EAC1420498039900EB41110B
:10443000D1F810091043C1F81009FFE70698026986
:104440006FF3DF420498039900EB4111D1F8100992
:104450001043C1F8100906980079012815D1FFE72B
:104460000498039900EB4111D1F8100920F0C040E5
:10447000C1F810090498039900EB4111D1F8100913
:1044800040F00050C1F81009FFE7FFE79DF8170062
:1044900001283BD1FFE70698C06948B1FFE70698BD
:1044A000C0690499039A01EB4211C1F81409FFE7AE
:1044B0000698007901281ED1FFE70498D0F8080873
:1044C000C00500280BD4FFE70498039900EB4111C5
:1044D000D1F8000940F00050C1F800090AE0049842
:1044E000039900EB4111D1F8000940F08050C1F868
:1044F0000009FFE7FFE70498039900EB4111D1F8A9
:10450000000940F00440C1F800094CE00498039908
:1045100000EB4111D1F8000940F00440C1F8000956
:1045200006980079012813D0FFE70698006970B15A
:10453000FFE70698007800F00F01012000FA01F271
:104540000499D1F834081043C1F83408FFE729E092
:104550000498D0F80808C00500280BD4FFE7049899
:10456000039900EB4111D1F8000940F00050C1F867
:1045700000090AE00498039900EB4111D1F8000901
:1045800040F08050C1F80009FFE70798069BD96802
:104590001A781B8A9DF817C0EE46CEF800C000F0CE
:1045A000B3FCFFE7FFE7C4E00498039900EB411177
:1045B000D1F8100B6FF31200C1F8100B0498039997
:1045C00000EB4111D1F8100B6FF3DC40C1F8100B78
:1045D000039818BBFFE70698006920B1FFE706992A
:1045E00088680861FFE70699886808620698026A89
:1045F0006FF3DF420498039900EB4111D1F8100BDF
:104600001043C1F8100B0498039900EB4111D1F845
:10461000100B40F40020C1F8100B49E00698006927
:10462000C0B9FFE7069882686FF3DF4204980399E8
:1046300000EB4111D1F8100B1043C1F8100B049896
:10464000039900EB4111D1F8100B40F40020C1F8A0
:10465000100B2CE006988168006908440138B0FB13
:10466000F1F0ADF80A0006998868BDF80A205043B9
:104670000862BDF80A100020C1F6F87000EAC142D5
:104680000498039900EB4111D1F8100B1043C1F8C5
:10469000100B0698026A6FF3DF420498039900EB4F
:1046A0004111D1F8100B1043C1F8100BFFE7FFE7E1
:1046B0009DF8170001280ED1FFE70698C06848B1A1
:1046C000FFE70698C0680499039A01EB4211C1F80C
:1046D000140BFFE7FFE70698007901281ED1FFE7DA
:1046E0000498D0F80808C00500280BD4FFE7049808
:1046F000039900EB4111D1F8000B40F00050C1F8D4
:10470000000B0AE00498039900EB4111D1F8000B6B
:1047100040F08050C1F8000BFFE7FFE704980399D1
:1047200000EB4111D1F8000B40F00440C1F8000B40
:10473000FFE7002008B080BD85B004900391002001
:1047400002908DF8070004980090039840780128A3
:104750003ED1FFE700980399097800EB4110D0F8AB
:104760000009C00F98B3FFE700980399097800EBA0
:104770004111D1F8000940F00060C1F8000900982B
:104780000399097800EB4111D1F8000940F080400D
:10479000C1F80009FFE7029801300290029842F246
:1047A0001171884204D3FFE701208DF807000DE066
:1047B000FFE700980399097800EB4110D0F8000951
:1047C00000F00040B0F1004FE5D0FFE7FFE73DE02B
:1047D00000980399097800EB4110D0F8000BC00F46
:1047E00098B3FFE700980399097800EB4111D1F8DD
:1047F000000B40F00060C1F8000B009803990978A5
:1048000000EB4111D1F8000B40F08040C1F8000BE3
:10481000FFE7029801300290029842F2117188423B
:1048200004D3FFE701208DF807000DE0FFE70098B3
:104830000399097800EB4110D0F8000B00F000401C
:10484000B0F1004FE5D0FFE7FFE7FFE79DF8070075
:1048500005B070470000000081B0009000998868A2
:1048600040F001008860002001B0704700000000A7
:1048700083B0019000200090FFE700980130009085
:10488000009840F64151C0F20301884204D3FFE78B
:1048900003208DF80B0027E0FFE701980069C00FA7
:1048A0000028EAD0FFE7002000900199102008615D
:1048B000FFE7009801300090009840F64151C0F2A7
:1048C0000301884204D3FFE703208DF80B000BE0BF
:1048D000FFE70198006900F010001028E9D0FFE719
:1048E00000208DF80B00FFE79DF80B0003B0704728
:1048F00084B00290019100200090FFE70098013001
:104900000090009840F64151C0F20301884204D360
:10491000FFE703208DF80F0029E0FFE70298006908
:10492000C00F0028EAD0FFE7002000900198800126
:10493000203002990861FFE700980130009000984C
:1049400040F64151C0F20301884204D3FFE703203F
:104950008DF80F000BE0FFE70298006900F02000DF
:104960002028E9D0FFE700208DF80F00FFE79DF831
:104970000F0004B07047000084B0039003980290C9
:104980000298D0F8080800F006000090009820B9BE
:10499000FFE700208DF8070010E00098022804D0FF
:1049A000FFE70098062804D1FFE702208DF80700F2
:1049B00003E00F208DF80700FFE7FFE79DF80700F1
:1049C00004B070470000000081B00090009840697A
:1049D00000F0010001B0704783B00290029801908E
:1049E0000198D0F8180800900198D0F81C18009889
:1049F00008400090BDF8000003B0704700000000C0
:104A000083B00290029801900198D0F818080090A5
:104A10000198D0F81C18009808400090BDF80200DA
:104A200003B070470000000086B005908DF81310A9
:104A3000059803900398D0F8100801900398D0F8D7
:104A40003408009000989DF8131001F00F01C84041
:104A500000F00101019840EAC110019003989DF80F
:104A6000131000EB4110D0F808090199084002909A
:104A7000029806B07047000084B003908DF80B10C8
:104A80000398019001989DF80B1000EB4110D0F8AD
:104A9000080B00900198D0F8141800980840009076
:104AA000009804B07047000082B0019001984069FE
:104AB000009001988169009808400090009802B029
:104AC000704700000000000089B008900791ADF821
:104AD0001A200898059007980490BDF81A008008DD
:104AE0000190BDF81A0000F00300ADF802000020AC
:104AF0000290FFE702980199884217D2FFE70598D4
:104B00004FF4805140580499086004980130049093
:104B10000498013004900498013004900498013006
:104B20000490FFE7029801300290E3E7BDF802002D
:104B300008B3FFE70020029005984FF480514058D9
:104B40000390FFE703989DF80810C900C840049936
:104B50000870029801300290049801300490BDF86A
:104B600002000138ADF80200FFE7BDF8020000289E
:104B7000E8D1FFE7FFE7049809B0704700000000A4
:104B800080B584B0ADF80E0041F2B410C2F200401E
:104B900001680291006840F28201C2F2004188423D
:104BA0000CD1FFE740F28200C2F2004000F58060C5
:104BB00041F2B411C2F20041086009E041F2B411BF
:104BC000C2F2004140F28200C2F200400860FFE7FA
:104BD00041F2B410C2F20040016842F2A420C2F2D5
:104BE00000400190FCF7BCFF0198FCF75DFF0298C4
:104BF00030B1FFE70298BDF80E10F9F791FAFFE720
:104C000004B080BD0000000080B586B004908DF82F
:104C10000F10002002900499C86820F0C040C860BE
:104C20009DF80F00012823D1FFE70499C86840F0E0
:104C30000050C860FFE70120F0F70AFD029801303C
:104C40000290FFE70498FFF7BFFE0146002001290C
:104C5000019007D0FFE702990020322938BF0120D8
:104C60000190FFE70198C0070028E4D1FFE72AE0A0
:104C70009DF80F0010BBFFE70499C86840F0804022
:104C8000C860FFE70120F0F7E3FC029801300290D2
:104C9000FFE70498FFF798FE01460020009039B125
:104CA000FFE702990020322938BF01200090FFE77A
:104CB0000098C0070028E5D1FFE703E001208DF848
:104CC00017000CE0FFE70298322804D1FFE701202B
:104CD0008DF8170003E000208DF81700FFE79DF81E
:104CE000170006B080BD000083B002908DF8071059
:104CF000029800900099D1F8000820F4FE60C1F8F5
:104D000000089DF8070000F07F020099D1F8000824
:104D100040EA0210C1F80008002003B0704700000C
:104D200083B002908DF80710029800909DF807203C
:104D30000099D1F800081043C1F80008002003B022
:104D4000704700000000000084B0039002918DF8CD
:104D500007209DF80700022840F0B880FFE702987E
:104D60004AF6C041C0F2D80188420BD3FFE702984F
:104D70004EF2BF11C0F2E401884203D8FFE70F20D2
:104D80000090A2E002984EF2C011C0F2E401884205
:104D90000BD3FFE7029842F2FF31C0F2F4018842E0
:104DA00003D8FFE70E2000908EE0029842F2004107
:104DB000C0F2F40188420BD3FFE7029847F27F313B
:104DC000C0F20611884203D8FFE70D2000907AE078
:104DD000029847F28031C0F2061188420BD3FFE7F8
:104DE000029844F69F11C0F21A11884203D8FFE7D7
:104DF0000C20009066E0029844F6A011C0F21A114F
:104E000088420BD3FFE7029842F6FF41C0F231110E
:104E1000884203D8FFE70B20009052E0029842F648
:104E20000051C0F2311188420BD3FFE702984AF2D9
:104E30003F41C0F24C11884203D8FFE70A2000909E
:104E40003EE002984AF24041C0F24C1188420BD336
:104E5000FFE7029843F2FF51C0F26E11884203D877
:104E6000FFE7092000902AE0029843F20061C0F2B7
:104E70006E1188420BD3FFE702984AF61F31C0F249
:104E8000A611884203D8FFE70820009016E0029898
:104E90004AF62031C0F2A61188420BD3FFE70298F0
:104EA00044F2FF71C0F2E811884203D8FFE70720FF
:104EB000009002E006200090FFE7FFE7FFE7FFE732
:104EC000FFE7FFE7FFE7FFE7FFE70AE09DF80700DE
:104ED00018B9FFE70920009002E009200090FFE7E1
:104EE000FFE70399C86820F47050C860009800F08C
:104EF0000F020399C86840EA8220C860002004B00D
:104F0000704700000000000080B588B084460A9811
:104F1000CDF81CC006918DF81720ADF814308DF82F
:104F2000130007980390069802909DF8130048BB61
:104F3000FFE7BDF8140003308008019000200090C6
:104F4000FFE70098019988421BD2FFE702980068AA
:104F500003999DF8172001EB02314FF480528850DD
:104F600002980130029002980130029002980130BC
:104F70000290029801300290FFE700980130009003
:104F8000DFE7FFE7002008B080BD00000000000060
:104F900080B582B00190ADF802100198D0F8800081
:104FA000006800680003002800F18C81FFE7019889
:104FB000D0F8800000681021C4F20201884200F09D
:104FC000A280FFE70198D0F8800000682821C4F291
:104FD0000201884200F09780FFE70198D0F8800036
:104FE00000684021C4F20201884200F08C80FFE793
:104FF0000198D0F8800000685821C4F2020188426C
:1050000000F08180FFE70198D0F8800000687021EF
:10501000C4F20201884276D0FFE70198D0F8800000
:1050200000688821C4F2020188426CD0FFE7019831
:10503000D0F880000068A021C4F20201884262D04A
:10504000FFE70198D0F880000068B821C4F202019F
:10505000884258D0FFE70198D0F88000006840F2FD
:105060001041C4F2020188424DD0FFE70198D0F808
:105070008000006840F22841C4F20201884242D018
:10508000FFE70198D0F88000006840F24041C4F288
:105090000201884237D0FFE70198D0F8800000680D
:1050A00040F25841C4F2020188422CD0FFE7019837
:1050B000D0F88000006840F27041C4F202018842DA
:1050C00021D0FFE70198D0F88000006840F28841C5
:1050D000C4F20201884216D0FFE70198D0F88000A0
:1050E000006840F2A041C4F2020188420BD0FFE701
:1050F0000198D0F88000006840F2B841C4F2020183
:10510000884209D1FFE70198D0F88000016808685B
:1051100020F00100086008E00198D0F880000168E4
:10512000086820F001000860FFE70198D0F88000CF
:105130000168086840F4002008600198D0F88000F9
:1051400000681021C4F20201884200F0A280FFE74B
:105150000198D0F8800000682821C4F2020188423A
:1051600000F09780FFE70198D0F8800000684021A8
:10517000C4F20201884200F08C80FFE70198D0F869
:10518000800000685821C4F20201884200F081804A
:10519000FFE70198D0F8800000687021C4F2020196
:1051A000884276D0FFE70198D0F880000068882117
:1051B000C4F2020188426CD0FFE70198D0F8800069
:1051C0000068A021C4F20201884262D0FFE7019882
:1051D000D0F880000068B821C4F20201884258D09B
:1051E000FFE70198D0F88000006840F21041C4F257
:1051F000020188424DD0FFE70198D0F88000006896
:1052000040F22841C4F20201884242D0FFE70198EF
:10521000D0F88000006840F24041C4F202018842A8
:1052200037D0FFE70198D0F88000006840F258417D
:10523000C4F2020188422CD0FFE70198D0F8800028
:10524000006840F27041C4F20201884221D0FFE7B9
:105250000198D0F88000006840F28841C4F2020151
:10526000884216D0FFE70198D0F88000006840F22D
:10527000A041C4F2020188420BD0FFE70198D0F8A8
:105280008000006840F2B841C4F20201884207D1B0
:10529000FFE70198D0F8800001683E20486006E0F2
:1052A0000198D0F8800001683E204860FFE740F296
:1052B0004400C2F2004040F64851C2F20041F9F702
:1052C0006FFF8BE10198D0F8800000681021C4F2D4
:1052D0000201884200F0A280FFE70198D0F8800028
:1052E00000682821C4F20201884200F09780FFE79D
:1052F0000198D0F8800000684021C4F20201884281
:1053000000F08C80FFE70198D0F8800000685821F9
:10531000C4F20201884200F08180FFE70198D0F8D2
:10532000800000687021C4F20201884276D0FFE755
:105330000198D0F8800000688821C4F202018842F8
:105340006CD0FFE70198D0F880000068A021C4F27B
:105350000201884262D0FFE70198D0F8800000681F
:10536000B821C4F20201884258D0FFE70198D0F872
:105370008000006840F21041C4F2020188424DD022
:10538000FFE70198D0F88000006840F22841C4F29D
:105390000201884242D0FFE70198D0F880000068FF
:1053A00040F24041C4F20201884237D0FFE7019841
:1053B000D0F88000006840F25841C4F202018842EF
:1053C0002CD0FFE70198D0F88000006840F27041CF
:1053D000C4F20201884221D0FFE70198D0F8800092
:1053E000006840F28841C4F20201884216D0FFE70B
:1053F0000198D0F88000006840F2A041C4F2020198
:1054000088420BD0FFE70198D0F88000006840F296
:10541000B841C4F20201884209D1FFE70198D0F8EF
:1054200080000168086820F00100086008E0019829
:10543000D0F880000168086820F001000860FFE7EC
:105440000198D0F880000168086820F40020086006
:105450000198D0F8800000681021C4F2020188424F
:1054600000F0A280FFE70198D0F8800000682821B2
:10547000C4F20201884200F09780FFE70198D0F85B
:10548000800000684021C4F20201884200F08C8054
:10549000FFE70198D0F8800000685821C4F20201AB
:1054A000884200F08180FFE70198D0F88000006812
:1054B0007021C4F20201884276D0FFE70198D0F84B
:1054C000800000688821C4F2020188426CD0FFE7A6
:1054D0000198D0F880000068A021C4F2020188423F
:1054E00062D0FFE70198D0F880000068B821C4F2CC
:1054F0000201884258D0FFE70198D0F88000006888
:1055000040F21041C4F2020188424DD0FFE70198F9
:10551000D0F88000006840F22841C4F202018842BD
:1055200042D0FFE70198D0F88000006840F2404187
:10553000C4F20201884237D0FFE70198D0F880001A
:10554000006840F25841C4F2020188422CD0FFE7C3
:105550000198D0F88000006840F27041C4F2020166
:10556000884221D0FFE70198D0F88000006840F21F
:105570008841C4F20201884216D0FFE70198D0F8B2
:105580008000006840F2A041C4F2020188420BD0C2
:10559000FFE70198D0F88000006840F2B841C4F2FB
:1055A0000201884207D1FFE70198D0F88000016826
:1055B0003E20486006E00198D0F8800001683E2057
:1055C0004860FFE740F24400C2F200401F3040F65E
:1055D0004851C2F20041F9F7E3FDFFE70198D0F826
:1055E000800000681021C4F20201884200F0A2800D
:1055F000FFE70198D0F8800000682821C4F202017A
:10560000884200F09780FFE70198D0F8800000689A
:105610004021C4F20201884200F08C80FFE701982B
:10562000D0F8800000685821C4F20201884200F0DE
:105630008180FFE70198D0F8800000687021C4F2F3
:105640000201884276D0FFE70198D0F88000006818
:105650008821C4F2020188426CD0FFE70198D0F89B
:1056600080000068A021C4F20201884262D0FFE7F6
:105670000198D0F880000068B821C4F20201884285
:1056800058D0FFE70198D0F88000006840F2104140
:10569000C4F2020188424DD0FFE70198D0F88000A3
:1056A000006840F22841C4F20201884242D0FFE77C
:1056B0000198D0F88000006840F24041C4F2020135
:1056C000884237D0FFE70198D0F88000006840F2A8
:1056D0005841C4F2020188422CD0FFE70198D0F86B
:1056E0008000006840F27041C4F20201884221D07B
:1056F000FFE70198D0F88000006840F28841C4F2CA
:105700000201884216D0FFE70198D0F880000068B7
:1057100040F2A041C4F2020188420BD0FFE7019899
:10572000D0F88000006840F2B841C4F2020188421B
:1057300009D1FFE70198D0F880000168086840F0BF
:105740000100086008E00198D0F88000016808684E
:1057500040F001000860FFE702B080BD00000000DB
:1057600080B582B00190ADF802100198D0F88000A9
:10577000006800680003002800F19281FFE70198AB
:10578000D0F8800000681021C4F20201884200F0C5
:10579000A280FFE70198D0F8800000682821C4F2B9
:1057A0000201884200F09780FFE70198D0F880005E
:1057B00000684021C4F20201884200F08C80FFE7BB
:1057C0000198D0F8800000685821C4F20201884294
:1057D00000F08180FFE70198D0F880000068702118
:1057E000C4F20201884276D0FFE70198D0F8800029
:1057F00000688821C4F2020188426CD0FFE701985A
:10580000D0F880000068A021C4F20201884262D072
:10581000FFE70198D0F880000068B821C4F20201C7
:10582000884258D0FFE70198D0F88000006840F225
:105830001041C4F2020188424DD0FFE70198D0F830
:105840008000006840F22841C4F20201884242D040
:10585000FFE70198D0F88000006840F24041C4F2B0
:105860000201884237D0FFE70198D0F88000006835
:1058700040F25841C4F2020188422CD0FFE701985F
:10588000D0F88000006840F27041C4F20201884202
:1058900021D0FFE70198D0F88000006840F28841ED
:1058A000C4F20201884216D0FFE70198D0F88000C8
:1058B000006840F2A041C4F2020188420BD0FFE729
:1058C0000198D0F88000006840F2B841C4F20201AB
:1058D000884209D1FFE70198D0F880000168086884
:1058E00020F00100086008E00198D0F8800001680D
:1058F000086820F001000860FFE70198D0F88000F8
:105900000168086840F4002008600198D0F8800021
:1059100000681021C4F20201884200F0A280FFE773
:105920000198D0F8800000682821C4F20201884262
:1059300000F09780FFE70198D0F8800000684021D0
:10594000C4F20201884200F08C80FFE70198D0F891
:10595000800000685821C4F20201884200F0818072
:10596000FFE70198D0F8800000687021C4F20201BE
:10597000884276D0FFE70198D0F88000006888213F
:10598000C4F2020188426CD0FFE70198D0F8800091
:105990000068A021C4F20201884262D0FFE70198AA
:1059A000D0F880000068B821C4F20201884258D0C3
:1059B000FFE70198D0F88000006840F21041C4F27F
:1059C000020188424DD0FFE70198D0F880000068BE
:1059D00040F22841C4F20201884242D0FFE7019818
:1059E000D0F88000006840F24041C4F202018842D1
:1059F00037D0FFE70198D0F88000006840F25841A6
:105A0000C4F2020188422CD0FFE70198D0F8800050
:105A1000006840F27041C4F20201884221D0FFE7E1
:105A20000198D0F88000006840F28841C4F2020179
:105A3000884216D0FFE70198D0F88000006840F255
:105A4000A041C4F2020188420BD0FFE70198D0F8D0
:105A50008000006840F2B841C4F20201884207D1D8
:105A6000FFE70198D0F8800001682020486006E038
:105A70000198D0F88000016820204860FFE7BDF859
:105A8000020010280BD1FFE740F22400C2F20040D0
:105A900041F2B811C2F2004100F04AFEFFE791E185
:105AA0000198D0F8800000681021C4F202018842F9
:105AB00000F0A280FFE70198D0F88000006828215C
:105AC000C4F20201884200F09780FFE70198D0F805
:105AD000800000684021C4F20201884200F08C80FE
:105AE000FFE70198D0F8800000685821C4F2020155
:105AF000884200F08180FFE70198D0F880000068BC
:105B00007021C4F20201884276D0FFE70198D0F8F4
:105B1000800000688821C4F2020188426CD0FFE74F
:105B20000198D0F880000068A021C4F202018842E8
:105B300062D0FFE70198D0F880000068B821C4F275
:105B40000201884258D0FFE70198D0F88000006831
:105B500040F21041C4F2020188424DD0FFE70198A3
:105B6000D0F88000006840F22841C4F20201884267
:105B700042D0FFE70198D0F88000006840F2404131
:105B8000C4F20201884237D0FFE70198D0F88000C4
:105B9000006840F25841C4F2020188422CD0FFE76D
:105BA0000198D0F88000006840F27041C4F2020110
:105BB000884221D0FFE70198D0F88000006840F2C9
:105BC0008841C4F20201884216D0FFE70198D0F85C
:105BD0008000006840F2A041C4F2020188420BD06C
:105BE000FFE70198D0F88000006840F2B841C4F2A5
:105BF0000201884209D1FFE70198D0F880000168CE
:105C0000086820F00100086008E00198D0F88000E2
:105C10000168086820F001000860FFE70198D0F8EB
:105C200080000168086820F4002008600198D0F81E
:105C3000800000681021C4F20201884200F0A280B6
:105C4000FFE70198D0F8800000682821C4F2020123
:105C5000884200F09780FFE70198D0F88000006844
:105C60004021C4F20201884200F08C80FFE70198D5
:105C7000D0F8800000685821C4F20201884200F088
:105C80008180FFE70198D0F8800000687021C4F29D
:105C90000201884276D0FFE70198D0F880000068C2
:105CA0008821C4F2020188426CD0FFE70198D0F845
:105CB00080000068A021C4F20201884262D0FFE7A0
:105CC0000198D0F880000068B821C4F2020188422F
:105CD00058D0FFE70198D0F88000006840F21041EA
:105CE000C4F2020188424DD0FFE70198D0F880004D
:105CF000006840F22841C4F20201884242D0FFE726
:105D00000198D0F88000006840F24041C4F20201DE
:105D1000884237D0FFE70198D0F88000006840F251
:105D20005841C4F2020188422CD0FFE70198D0F814
:105D30008000006840F27041C4F20201884221D024
:105D4000FFE70198D0F88000006840F28841C4F273
:105D50000201884216D0FFE70198D0F88000006861
:105D600040F2A041C4F2020188420BD0FFE7019843
:105D7000D0F88000006840F2B841C4F202018842C5
:105D800007D1FFE70198D0F8800001682020486023
:105D900006E00198D0F88000016820204860FFE705
:105DA000BDF8020010280CD1FFE740F22400C2F237
:105DB0000040103041F2B811C2F2004100F0B8FCCE
:105DC000FFE7FFE70198D0F8800000681021C4F2D7
:105DD0000201884200F0A280FFE70198D0F880001D
:105DE00000682821C4F20201884200F09780FFE792
:105DF0000198D0F8800000684021C4F20201884276
:105E000000F08C80FFE70198D0F8800000685821EE
:105E1000C4F20201884200F08180FFE70198D0F8C7
:105E2000800000687021C4F20201884276D0FFE74A
:105E30000198D0F8800000688821C4F202018842ED
:105E40006CD0FFE70198D0F880000068A021C4F270
:105E50000201884262D0FFE70198D0F88000006814
:105E6000B821C4F20201884258D0FFE70198D0F867
:105E70008000006840F21041C4F2020188424DD017
:105E8000FFE70198D0F88000006840F22841C4F292
:105E90000201884242D0FFE70198D0F880000068F4
:105EA00040F24041C4F20201884237D0FFE7019836
:105EB000D0F88000006840F25841C4F202018842E4
:105EC0002CD0FFE70198D0F88000006840F27041C4
:105ED000C4F20201884221D0FFE70198D0F8800087
:105EE000006840F28841C4F20201884216D0FFE700
:105EF0000198D0F88000006840F2A041C4F202018D
:105F000088420BD0FFE70198D0F88000006840F28B
:105F1000B841C4F20201884209D1FFE70198D0F8E4
:105F200080000168086840F00100086008E00198FE
:105F3000D0F880000168086840F001000860FFE7C1
:105F400002B080BD0000000080B582B00190ADF8C5
:105F500002100198D0F88000006800680003002853
:105F600000F19281FFE70198D0F8800000681021CD
:105F7000C4F20201884200F0A280FFE70198D0F845
:105F8000800000682821C4F20201884200F0978056
:105F9000FFE70198D0F8800000684021C4F20201B8
:105FA000884200F08C80FFE70198D0F880000068FC
:105FB0005821C4F20201884200F08180FFE7019875
:105FC000D0F8800000687021C4F20201884276D0C7
:105FD000FFE70198D0F8800000688821C4F2020130
:105FE00088426CD0FFE70198D0F880000068A021BB
:105FF000C4F20201884262D0FFE70198D0F8800025
:106000000068B821C4F20201884258D0FFE7019825
:10601000D0F88000006840F21041C4F202018842CA
:106020004DD0FFE70198D0F88000006840F2284189
:10603000C4F20201884242D0FFE70198D0F8800004
:10604000006840F24041C4F20201884237D0FFE7C5
:106050000198D0F88000006840F25841C4F2020173
:1060600088422CD0FFE70198D0F88000006840F209
:106070007041C4F20201884221D0FFE70198D0F8B4
:106080008000006840F28841C4F20201884216D0C4
:10609000FFE70198D0F88000006840F2A041C4F208
:1060A000020188420BD0FFE70198D0F88000006819
:1060B00040F2B841C4F20201884209D1FFE70198D9
:1060C000D0F880000168086820F00100086008E04E
:1060D0000198D0F880000168086820F0010008608D
:1060E000FFE70198D0F880000168086840F40020BC
:1060F00008600198D0F8800000681021C4F2020105
:10610000884200F0A280FFE70198D0F88000006884
:106110002821C4F20201884200F09780FFE701982D
:10612000D0F8800000684021C4F20201884200F0EB
:106130008C80FFE70198D0F8800000685821C4F2F5
:106140000201884200F08180FFE70198D0F88000CA
:1061500000687021C4F20201884276D0FFE70198FE
:10616000D0F8800000688821C4F2020188426CD017
:10617000FFE70198D0F880000068A021C4F2020176
:10618000884262D0FFE70198D0F880000068B8210B
:10619000C4F20201884258D0FFE70198D0F880008D
:1061A000006840F21041C4F2020188424DD0FFE77E
:1061B0000198D0F88000006840F22841C4F2020142
:1061C000884242D0FFE70198D0F88000006840F292
:1061D0004041C4F20201884237D0FFE70198D0F86D
:1061E0008000006840F25841C4F2020188422CD07D
:1061F000FFE70198D0F88000006840F27041C4F2D7
:106200000201884221D0FFE70198D0F880000068A1
:1062100040F28841C4F20201884216D0FFE701989B
:10622000D0F88000006840F2A041C4F20201884228
:106230000BD0FFE70198D0F88000006840F2B84129
:10624000C4F20201884207D1FFE70198D0F880002C
:1062500001682420486006E00198D0F880000168B9
:1062600024204860FFE7BDF8020012280BD1FFE7A9
:1062700040F20000C2F2004040F69C31C2F2004100
:10628000F8F706FCFFE791E10198D0F8800000687C
:106290001021C4F20201884200F0A280FFE70198B9
:1062A000D0F8800000682821C4F20201884200F082
:1062B0009780FFE70198D0F8800000684021C4F281
:1062C0000201884200F08C80FFE70198D0F880003E
:1062D00000685821C4F20201884200F08180FFE783
:1062E0000198D0F8800000687021C4F20201884251
:1062F00076D0FFE70198D0F8800000688821C4F2CA
:10630000020188426CD0FFE70198D0F88000006855
:10631000A021C4F20201884262D0FFE70198D0F8C0
:1063200080000068B821C4F20201884258D0FFE71B
:106330000198D0F88000006840F21041C4F20201D8
:1063400088424DD0FFE70198D0F88000006840F205
:106350002841C4F20201884242D0FFE70198D0F8F8
:106360008000006840F24041C4F20201884237D008
:10637000FFE70198D0F88000006840F25841C4F26D
:10638000020188422CD0FFE70198D0F88000006815
:1063900040F27041C4F20201884221D0FFE7019827
:1063A000D0F88000006840F28841C4F202018842BF
:1063B00016D0FFE70198D0F88000006840F2A041B5
:1063C000C4F2020188420BD0FFE70198D0F88000A8
:1063D000006840F2B841C4F20201884209D1FFE7E7
:1063E0000198D0F880000168086820F0010008607A
:1063F00008E00198D0F880000168086820F00100EA
:106400000860FFE70198D0F880000168086820F470
:10641000002008600198D0F8800000681021C4F2C4
:106420000201884200F0A280FFE70198D0F88000C6
:1064300000682821C4F20201884200F09780FFE73B
:106440000198D0F8800000684021C4F2020188421F
:1064500000F08C80FFE70198D0F880000068582198
:10646000C4F20201884200F08180FFE70198D0F871
:10647000800000687021C4F20201884276D0FFE7F4
:106480000198D0F8800000688821C4F20201884297
:106490006CD0FFE70198D0F880000068A021C4F21A
:1064A0000201884262D0FFE70198D0F880000068BE
:1064B000B821C4F20201884258D0FFE70198D0F811
:1064C0008000006840F21041C4F2020188424DD0C1
:1064D000FFE70198D0F88000006840F22841C4F23C
:1064E0000201884242D0FFE70198D0F8800000689E
:1064F00040F24041C4F20201884237D0FFE70198E0
:10650000D0F88000006840F25841C4F2020188428D
:106510002CD0FFE70198D0F88000006840F270416D
:10652000C4F20201884221D0FFE70198D0F8800030
:10653000006840F28841C4F20201884216D0FFE7A9
:106540000198D0F88000006840F2A041C4F2020136
:1065500088420BD0FFE70198D0F88000006840F235
:10656000B841C4F20201884207D1FFE70198D0F890
:10657000800001682420486006E00198D0F880007F
:10658000016824204860FFE7BDF8020012280CD102
:10659000FFE740F20000C2F20040123040F69C31AA
:1065A000C2F20041F8F774FAFFE7FFE70198D0F86C
:1065B000800000681021C4F20201884200F0A2802D
:1065C000FFE70198D0F8800000682821C4F202019A
:1065D000884200F09780FFE70198D0F880000068BB
:1065E0004021C4F20201884200F08C80FFE701984C
:1065F000D0F8800000685821C4F20201884200F0FF
:106600008180FFE70198D0F8800000687021C4F213
:106610000201884276D0FFE70198D0F88000006838
:106620008821C4F2020188426CD0FFE70198D0F8BB
:1066300080000068A021C4F20201884262D0FFE716
:106640000198D0F880000068B821C4F202018842A5
:1066500058D0FFE70198D0F88000006840F2104160
:10666000C4F2020188424DD0FFE70198D0F88000C3
:10667000006840F22841C4F20201884242D0FFE79C
:106680000198D0F88000006840F24041C4F2020155
:10669000884237D0FFE70198D0F88000006840F2C8
:1066A0005841C4F2020188422CD0FFE70198D0F88B
:1066B0008000006840F27041C4F20201884221D09B
:1066C000FFE70198D0F88000006840F28841C4F2EA
:1066D0000201884216D0FFE70198D0F880000068D8
:1066E00040F2A041C4F2020188420BD0FFE70198BA
:1066F000D0F88000006840F2B841C4F2020188423C
:1067000009D1FFE70198D0F880000168086840F0DF
:106710000100086008E00198D0F88000016808686E
:1067200040F001000860FFE702B080BD00000000FB
:1067300080B582B00190009101980178019840786D
:1067400040EA012000990880009800884FF6EE5139
:1067500088424AD1FFE701988078009988700198B3
:10676000C0780199097940EA01200099A1F8030055
:10677000019840790199897940EA01200099A1F8AE
:1067800005000198C0790199097A40EA0120019930
:10679000497A40EA01400199897A40EA016000990A
:1067A000C1F807000198C07A0099C8720198007B6F
:1067B0000199497B40EA0120009988810198807BFA
:1067C0000199C97B40EA01200099C88101981021F4
:1067D00000F01AF838B1FFE70099887800F00F0050
:1067E00000F006F800E001E000E0FFE702B080BD45
:1067F00082B08DF80700009102B0704700000000E1
:10680000FFE7FEE70000000080B586B0049003912A
:106810000020ADF80A00049820B1FFE70398022891
:1068200004D8FFE700208DF8170028E004980399AA
:10683000023900220092EBF77BFD01460098ADF88B
:106840000A109DF80A10049B039A1A4412F8022CAD
:10685000914201900DD1FFE79DF80B00049A039936
:10686000114411F8011C401AB0FA80F0400901905F
:10687000FFE7019800F001008DF81700FFE79DF891
:10688000170006B080BD000081B0ADF80200BDF970
:10689000020000280ED4FFE7BDF9021001F01F022C
:1068A000012090404A094EF20011CEF2000141F859
:1068B0002200FFE701B070474EF60C50CEF2000008
:1068C0000068C0F30220704782B0ADF80600009166
:1068D000BDF9060000280AD4FFE700980001BDF9C1
:1068E00006104EF20042CEF2000288540BE00098EF
:1068F0000001BDF8061001F00F014EF61452CEF261
:1069000000028854FFE702B070470000000000005A
:1069100083B00290029800F0070000904EF60C51F0
:10692000CEF200010868019001984FF6FF02104076
:1069300001900198009A40EA02200022C0F2FA5227
:10694000104301900198086003B0704700000000F8
:1069500080B58AB0E9F788FD80200590E9F748FE08
:1069600055200690E9F744FE0698E9F741FE43F208
:106970002C31C2F2004108910870E9F769FD01204D
:106980000790EEF765FEE9F76FFD0598E9F730FE31
:106990000698E9F72DFE0698E9F72AFE089908708F
:1069A000E9F756FD0798EEF753FEE9F75DFD7E2007
:1069B000B621E9F735FEE9F74BFD5020EEF748FE2A
:1069C000E9F752FD0598E9F713FE0698E9F710FE7E
:1069D0000698E9F70DFE08990870E9F739FD079860
:1069E000EEF736FEE9F740FD0598E9F701FE069857
:1069F000E9F7FEFD0698E9F7FBFD08990870E9F74D
:106A000027FD0798EEF724FE089800781E2804D08A
:106A1000FFE7FF208DF8270074E04AF64C31C2F200
:106A2000004100200870FFE74AF64C30C2F20040F7
:106A30000078052862DCFFE7E9F716FD4AF64C30DE
:106A4000C2F200400390007800EB400240F6DC30D8
:106A5000C2F2004004908118805C4978E9F7E0FDBB
:106A6000E9F7F6FC01200190EEF7F2FDE9F7FCFCF6
:106A700003990498097801EB4101405C40F08000E3
:106A8000E9F7B6FD55200090E9F7B2FD0098E9F767
:106A9000AFFD43F22C31C2F2004102910870E9F7D8
:106AA000D7FC0198EEF7D4FD0298039A0499007878
:106AB000127802EB420211444978884215D0FFE770
:106AC0004AF64C30C2F20040007800EB400140F63C
:106AD000DC30C2F200400844827842F2D011C2F2A7
:106AE0000041087810430870FFE7FFE74AF64C3191
:106AF000C2F2004108780130087095E700208DF857
:106B00002700FFE79DF827000AB080BD00000000C5
:106B100080B588B0E9F7C0FC43F22C31C2F20041E5
:106B2000069100200490E9F74FFDE9F7A9FC012048
:106B30000590EEF78DFDE9F7AFFC04980699E9F7AB
:106B400043FDE9F79DFC0598EEF782FDE9F7A4FC0B
:106B50001420B621E9F764FDE9F792FC5020EEF726
:106B600077FDE9F799FC04980699E9F72DFDE9F717
:106B700087FC0598EEF76CFDE9F78EFC0498069902
:106B8000E9F722FDE9F77CFC0598EEF761FD069830
:106B900000780F2804D0FFE7FF208DF81F006DE07C
:106BA0004AF64C31C2F2004100200870FFE74AF675
:106BB0004C30C2F20040007805285BDCFFE7E9F7C3
:106BC0006BFC4AF64C30C2F200400290007800EBB9
:106BD000400240F6EE30C2F2004003908118805C23
:106BE0004978E9F71DFDE9F74BFC01200090EEF72D
:106BF0002FFDE9F751FC02990398097801EB410157
:106C0000405C43F22C31C2F200410191E9F7DCFC17
:106C1000E9F736FC0098EEF71BFD0198029A0399FC
:106C20000078127802EB420211444978884218D069
:106C3000FFE74AF64C30C2F200400178013901709A
:106C4000007800EB400140F6DC30C2F2004008441E
:106C5000827842F2D011C2F20041087810430870E5
:106C6000FFE7FFE74AF64C31C2F2004108780130F5
:106C700008709CE700208DF81F00FFE79DF81F00BB
:106C800008B080BD0000000080B582B040F69800DA
:106C9000C2F20040EAF784F9FFE740F69800C2F23A
:106CA00000400190EAF7A4F90198D0F8BC11C0F8AF
:106CB000A411D0F8C011C0F8A811D0F8C411C0F8C0
:106CC000AC1190ED690AD0ED6A0A90ED6B1AF7F7F6
:106CD0005FFA019890F8A00101280DD1FFE740F676
:106CE0009800C2F2004090ED6F0AD0ED700A90ED6E
:106CF000711AEAF795F9FFE7012000F069F8CCE78F
:106D000080B584B000200390F0F7AEF8F8F7DCFB14
:106D1000F6F7D2FCF6F75CFBF6F7AEFDF6F7B0FB44
:106D2000F6F7EAFBF6F7E0FDF6F726FCF6F730FE9D
:106D3000F6F7C6FEF6F77CFEF6F70EFF4FF4F0709E
:106D4000EAF7DEFFE9F77CFCF7F716FB41F2883043
:106D5000EEF77EFCFFE742F6B470C2F2004000217D
:106D6000E9F7A6FB08B1FFE7F5E740F60000C5F636
:106D7000020001904FF4005101220292F0F744F812
:106D80000198029A4FF48041F0F73EF8EBF788F84B
:106D9000EBF7D2F8EBF71CF9F6F72EFC00F02CF825
:106DA000FFE7FEE70000000082B0ADF8060000201B
:106DB0000090BDF90600842807D0FFE7BDF9060062
:106DC0000099084403300090FFE7009802B0704734
:106DD00080B584B0039003980290029818B1FFE741
:106DE0000298019002E001200190FFE7019800F075
:106DF0003BFE002004B080BD80B500F06DFE002099
:106E000080BD00000000000010B58AB00890079116
:106E100008980168029141680591018A03910799D8
:106E20000491B0F90800FFF7BFFF0299039A049B91
:106E300084460598EE4606ACCEF80440CEF800C075
:106E400000F0AEFF012803D0FFE70020099002E028
:106E500006980990FFE709980AB010BD00000000ED
:106E600080B584B0039002914AF6E430C2F200404B
:106E70000068009043F29020C2F2004000680430A5
:106E800000F06AFC88B9FFE743F29020C2F20040AC
:106E90000068C16A012000FA01F24AF64831C2F2E4
:106EA000004108689043086000E0FFE70398013064
:106EB00080B9FFE7029868B1FFE743F29020C2F281
:106EC00000400068011D4AF6BC30C2F2004000F0EC
:106ED000BFFC3DE00098039908440190019843F2FB
:106EE0009021C2F2004109684860019800998842E7
:106EF0000ED2FFE743F29C20C2F20040006843F24A
:106F00009021C2F200410968043100F069FC1EE0E2
:106F100043F29420C2F20040006843F29021C2F292
:106F200000410968043100F05BFC01984AF68831A1
:106F3000C2F200410968884207D2FFE701984AF689
:106F40008831C2F20041086000E0FFE7FFE7FFE799
:106F500004B080BD0000000080B582B0019000F058
:106F6000A3FC4AF63831C2F20041086801300860DB
:106F700043F29020C2F20040006898B9FFE7019800
:106F800043F29021C2F2004108604AF63830C2F262
:106F900000400068012803D1FFE700F0A9F900E0F4
:106FA000FFE71CE04AF6B030C2F200400068A0B92A
:106FB000FFE743F29020C2F200400068C06A0199E6
:106FC000C96A884207D8FFE7019843F29021C2F2CC
:106FD0000041086000E0FFE700E0FFE7FFE74AF656
:106FE0004431C2F200410868013008600198C16A6A
:106FF000012000FA01F24AF64831C2F20041086865
:10700000104308600199C86A00EB800243F2A02097
:10701000C2F2004000EB8200043100F019FC00F0E5
:107020006FFC4AF6B030C2F200400068C8B1FFE71A
:1070300043F29020C2F200400068C06A0199C96A18
:1070400088420CD2FFE74EF60451CEF200014FF019
:1070500080500860BFF34F8FBFF36F8F00E0FFE7F2
:1070600000E0FFE702B080BD80B582B0FFE74AF6DE
:107070003C30C2F20040006808B3FFE700F014FCA7
:107080004AF6D030C2F20040C068C0680190019852
:10709000043000F061FB4AF63831C2F20041086862
:1070A000013808604AF63C31C2F2004108680138F4
:1070B000086000F025FC019800F006F8D7E702B060
:1070C00080BD00000000000080B582B001900198F2
:1070D000006B00F03DFC019800F03AFC02B080BD6E
:1070E00084B04FF4F040009043F22D30C2F20040E3
:1070F00001909DF80400400788B1FFE70198073030
:107100000190019820F007000190019A43F22D317F
:10711000C2F200410098891A08440090FFE70198E4
:10712000029002994AF6B430C2F200400160002198
:1071300041600298009A104401900198083801902B
:10714000019820F007000190019A43F29820C2F2C2
:107150000040026002685160026811600299039168
:107160000199039A891A516000680399086003988D
:1071700040684AF68431C2F20041086003984068D2
:107180004AF67C31C2F2004108604AF65031C2F240
:1071900000414FF00040086004B07047000000005C
:1071A00080B582B00190FFE7FFF75EFF43F2A020B9
:1071B000C2F20040006802280CD3FFE74EF60451EB
:1071C000CEF200014FF080500860BFF34F8FBFF345
:1071D0006F8F00E0FFE7E7E780B588B0DDF834C0E7
:1071E000DDF830C0DDF82CC0DDF828C00690059130
:1071F000049203930C98006B049900EB810004380F
:107200000290029820F0070002909DF808004007C5
:1072100058B1FFE74FF0500080F31188BFF36F8F34
:10722000BFF34F8F0790FFE7FEE70598F8B1FFE740
:1072300000200190FFE701980F2813D8FFE7059879
:10724000019A805C0C99114481F8340005980199E9
:10725000405C08B9FFE705E0FFE7FFE70198013070
:107260000190E8E70C99002081F8430004E00C99B4
:10727000002081F83400FFE70A98072803D3FFE7CE
:1072800006200A9000E0FFE70A980C99C8620A9865
:107290000C9948640C990020009088640C98043084
:1072A00000F096FA0C98183000F092FA00980C99B9
:1072B00009610A99C1F107010C9A91610C9949621F
:1072C0000C99C8640C9981F8500002980699039AA9
:1072D00000F012FA0C9908600B9820B1FFE70C98A7
:1072E0000B99086000E0FFE708B080BD00000000D7
:1072F00080B584B000200390FFE70398062810D8DB
:10730000FFE7039800EB800143F2A020C2F20040A7
:1073100000EB810000F044FAFFE70398013003908E
:10732000EBE74AF65430C2F20040019000F038FA20
:107330004AF66830C2F20040029000F031FA4AF694
:107340009C30C2F2004000F02BFA4AF6D030C2F274
:10735000004000F025FA4AF6BC30C2F2004000F0CE
:107360001FFA0199029843F29422C2F2004211607E
:1073700043F29C21C2F20041086004B080BD0000CD
:1073800083B002904AF6B430C2F200400190FFE7A9
:10739000019800680299884205D2FFE7FFE701984B
:1073A00000680190F4E701980090009801994968FD
:1073B00008440299884209D1FFE70298426801997E
:1073C0004868104448600198029000E0FFE7029886
:1073D0000090009802994968084401990968884218
:1073E00020D1FFE70198006843F29821C2F20041E2
:1073F000096888420DD0FFE7019800684268029949
:107400004868104448600198006800680299086064
:1074100007E043F29820C2F2004000680299086039
:10742000FFE704E00198006802990860FFE701980F
:107430000299884204D0FFE702980199086000E0B1
:10744000FFE703B07047000008480068006880F359
:1074500008884FF0000080F3148862B661B6BFF36D
:107460004F8FBFF36F8F00DF00BF00BF08ED00E05C
:1074700081B043F29420C2F200400068006840B935
:10748000FFE74AF68831C2F200414FF0FF30086052
:107490000FE043F29420C2F200400068C068C06868
:1074A0000090009840684AF68831C2F200410860B6
:1074B000FFE701B07047000083B00020009040F665
:1074C000D830C2F200400068013058B1FFE74FF0F9
:1074D000500080F31188BFF36F8FBFF34F8F01907F
:1074E000FFE7FEE74FF0500080F31188BFF36F8F86
:1074F000BFF34F8F0290FFE7009808B9FFE7FBE763
:1075000003B070470000000080B58AB006900020EC
:10751000029000F031FB43F29820C2F20040006874
:1075200018B9FFE7FFF7DCFD00E0FFE706984AF631
:107530005031C2F200410968084240F0C580FFE7BF
:10754000069800B3FFE70698083006909DF81800EB
:107550004007B0B1FFE7069820F00700083006901A
:107560009DF81800400758B1FFE74FF0500080F336
:107570001188BFF36F8FBFF34F8F0790FFE7FEE7D0
:1075800000E0FFE700E0FFE70698002800F09A809F
:10759000FFE706984AF67C31C2F20041096888424A
:1075A00000F29080FFE74AF6B430C2F20040049047
:1075B00000680590FFE705984168069A002091420F
:1075C000019007D2FFE705980068002818BF012046
:1075D0000190FFE70198C00730B1FFE705980490DC
:1075E000059800680590E6E7059843F29821C2F2F5
:1075F00000410968884263D0FFE7049800680830BA
:1076000002900598006804990860059840680699FA
:10761000401A112821D3FFE70598069908440390E2
:107620009DF80C00400758B1FFE74FF0500080F381
:107630001188BFF36F8FBFF34F8F0890FFE7FEE70E
:10764000059840680699401A03994860069805997C
:1076500048600398FFF794FE00E0FFE70598426852
:107660004AF67C30C2F200400168891A0160006865
:107670004AF68431C2F20041096888420BD2FFE722
:107680004AF67C30C2F2004000684AF68431C2F209
:107690000041086000E0FFE74AF65030C2F20040C7
:1076A0000268059948681043486005990020086001
:1076B0004AF69031C2F2004108680130086000E0EB
:1076C000FFE700E0FFE700E0FFE700F091FC9DF836
:1076D0000800400758B1FFE74FF0500080F31188D1
:1076E000BFF36F8FBFF34F8F0990FFE7FEE702985C
:1076F0000AB080BD0000000083B0029001910092AA
:1077000002980438029002994FF080700860029845
:1077100004380290019820F0010002990860029854
:1077200004380290029947F2B940C0F6010008609F
:107730000298143802900098029908600298043860
:10774000029002996FF002000860029820380290BF
:10775000029803B07047000082B001900198006960
:10776000009001984168806888600199486889683C
:107770004860009840680199884205D1FFE7019868
:1077800080680099486000E0FFE7019900200861E7
:1077900000990868013808600098006802B07047D6
:1077A00081B00090009901F10800486000994FF005
:1077B000FF308860009901F10800C860009901F16C
:1077C0000800086100990020086001B070470000BF
:1077D00081B0009000990020086101B0704700005E
:1077E00084B00390029102980068009000980130E4
:1077F00020B9FFE703980069019010E00398083072
:107800000190FFE70198406800680099884205D818
:10781000FFE7FFE7019840680190F3E7FFE7019871
:10782000406802994860029841688860019802990E
:107830008860029801994860039802990861039949
:1078400008680130086004B07047000000000000C4
:1078500083B00290019102984068009000980199CD
:10786000486000988068019988600198009989684B
:10787000486001980099886002980199086102990E
:1078800008680130086003B0704700000000000085
:10789000DFF80C00016841F470010160704700BF1F
:1078A00088ED00E00000000082B04FF0500080F34F
:1078B0001188BFF36F8FBFF34F8F009040F6D83021
:1078C000C2F200400168013101600068012814D152
:1078D000FFE74EF60450CEF200000068000658B1F3
:1078E000FFE74FF0500080F31188BFF36F8FBFF3B5
:1078F0004F8F0190FFE7FEE7FFE702B070470000FF
:1079000082B040F6D830C2F20040006858B9FFE7B4
:107910004FF0500080F31188BFF36F8FBFF34F8F8C
:107920000090FFE7FEE740F6D830C2F20040016861
:1079300001390160006830B9FFE70020019001982B
:1079400080F31188FFE702B07047000000000000DC
:1079500080B586B0039003980290039800285CD00D
:10796000FFE7029808380290029801900198406859
:107970004AF65031C2F20041096808420BD1FFE7D4
:107980004FF0500080F31188BFF36F8FBFF34F8F1C
:107990000490FFE7FEE70198006858B1FFE74FF059
:1079A000500080F31188BFF36F8FBFF34F8F0590A6
:1079B000FFE7FEE7019840684AF65031C2F2004105
:1079C0000968084227D0FFE70198006808BBFFE775
:1079D0004AF65030C2F2004002680199486890436C
:1079E000486000F0C9F8019842684AF67C31C2F25A
:1079F00000410868104408600198FFF7C1FC4AF68E
:107A00009431C2F2004108680130086000F0F0FAD9
:107A100000E0FFE700E0FFE7FFE706B080BD000001
:107A20004EF21001CEF20001002008604EF2180262
:107A3000CEF20002106040F6C420C2F2004000689E
:107A400044F6D352C1F26202A0FB02024FF0FF30B3
:107A500000EB92104EF21402CEF2000210600720EA
:107A6000086070470000000080B584B002900020DC
:107A700001900298E0B1FFE74AF64030C2F20040C0
:107A8000006858B1FFE74FF0500080F31188BFF352
:107A90006F8FBFF34F8F0390FFE7FEE700F06CF8A6
:107AA00002980021FFF7DCF900F0A2FA019000E053
:107AB000FFE7019860B9FFE74EF60451CEF20001EE
:107AC0004FF080500860BFF34F8FBFF36F8F00E01F
:107AD000FFE704B080BD000080B586B04AF6803173
:107AE000C2F20041684641600023036047F2A110E2
:107AF000C0F6010048F2C621C0F60101802200F064
:107B00004FF903900398012823D1FFE74FF050006D
:107B100080F31188BFF36F8FBFF34F8F04904AF645
:107B20008831C2F200414FF0FF3008604AF6B031B0
:107B3000C2F20041012008604AF6E431C2F200417D
:107B40000020086000F080F808B1FFE700E0FFE7E0
:107B50000FE00398013058B9FFE74FF0500080F371
:107B60001188BFF36F8FBFF34F8F0590FFE7FEE7DC
:107B7000FFE706B080BD00004AF64031C2F2004186
:107B8000086801300860704785B04AF64030C2F29C
:107B90000040006838B1FFE74AF6E831C2F2004120
:107BA000012008604DE04AF6E831C2F200410020B1
:107BB00008604AF64830C2F200400068039003981B
:107BC000B0FA80F08DF80B009DF80B00C0F11F009B
:107BD0000190019800EB800143F2A020C2F2004026
:107BE00050F8210058B9FFE74FF0500080F311889A
:107BF000BFF36F8FBFF34F8F0490FFE7FEE701984D
:107C000000EB800143F2A020C2F2004000EB8100B3
:107C100000900099486840684860009948680831B9
:107C2000884205D1FFE70099486840684860FFE74F
:107C300000984068C06843F29021C2F20041086099
:107C4000FFE705B07047000080B588B04EF60050E1
:107C5000CEF2000000684CF27121C4F20F1188428C
:107C60000BD1FFE74FF0500080F31188BFF36F8F07
:107C7000BFF34F8F0590FFE7FEE74EF60050CEF2C0
:107C8000000000684CF27021C4F20F1188420BD141
:107C9000FFE74FF0500080F31188BFF36F8FBFF301
:107CA0004F8F0690FFE7FEE74EF20040CEF2000055
:107CB000039001780491FF21017000788DF80B008A
:107CC0009DF80B0000F050004AF62D31C2F2004141
:107CD00008704AF63031C2F2004107200860FFE721
:107CE0009DF80B00000600280DD5FFE74AF630315D
:107CF000C2F200410868013808609DF80B0040009E
:107D00008DF80B00ECE74AF63030C2F20040006814
:107D100003280BD0FFE74FF0500080F31188BFF32A
:107D20006F8FBFF34F8F0790FFE7FEE74AF63031C2
:107D3000C2F20041086800020860086800F4E060D0
:107D4000086004984EF20041CEF2000108704EF631
:107D50002051CEF20001086840F470000860086805
:107D600040F070400860FFF75BFE40F6D831C2F289
:107D70000041002001900860FFF78AFD4EF6347143
:107D8000CEF20001086840F040400860FFF75CFB5D
:107D9000FFF7FAFEFFF790FB019808B080BD0000E6
:107DA00070B58CB0DDF844C0DDF840C00B900A918E
:107DB000ADF826200893BDF826008000FFF7A4FB4D
:107DC0000590059880B1FFE75420FFF79DFB0790D1
:107DD000079820B1FFE705980799086303E0059825
:107DE000FFF7B6FDFFE702E000200790FFE70798E6
:107DF000D8B1FFE70B980A99BDF82620089BDDF85B
:107E000040C0119C079DEE460026CEF80C60CEF8CF
:107E10000850CEF80440CEF800C0FFF7DDF907980F
:107E2000FFF79AF80120069003E04FF0FF3006902C
:107E3000FFE706980CB070BD80B586B000200290B8
:107E40004AF64030C2F200400068002840F0C58089
:107E5000FFE74AF6E431C2F20041086801300190C0
:107E600001980860019858BBFFE743F29420C2F2E2
:107E700000400068006858B1FFE74FF0500080F301
:107E80001188BFF36F8FBFF34F8F0590FFE7FEE7B9
:107E900043F29422C2F200421068009043F29C2107
:107EA000C2F2004108681060009808604AF68C3100
:107EB000C2F20041086801300860FFF7D9FA00E01B
:107EC000FFE701984AF68831C2F20041096888420A
:107ED00062D3FFE7FFE743F29420C2F2004000685C
:107EE000006840B9FFE74AF68831C2F200414FF01E
:107EF000FF3008604FE043F29420C2F20040006877
:107F0000C068C06804900498406803900198039981
:107F1000884207D2FFE703984AF68831C2F200414F
:107F2000086038E0FFE704980430FFF715FC049878
:107F3000806A28B1FFE704981830FFF70DFC00E0D5
:107F4000FFE70498C16A012000FA01F24AF64831BD
:107F5000C2F200410868104308600499C86A00EB47
:107F6000800243F2A020C2F2004000EB8200043104
:107F7000FFF76EFC0498C06A43F29021C2F2004100
:107F80000968C96A884203D3FFE70120029000E034
:107F9000FFE7FFE79FE7FFE743F29020C2F20040D0
:107FA0000068C06A00EB800143F2A020C2F20040EA
:107FB00050F82100022803D3FFE70120029000E0DF
:107FC000FFE74AF6E830C2F20040006818B1FFE768
:107FD0000120029000E0FFE707E04AF69831C2F284
:107FE0000041086801300860FFE7029806B080BDD4
:107FF00080B584B00020029001904AF64030C2F271
:108000000040006858B9FFE74FF0500080F3118836
:10801000BFF36F8FBFF34F8F0390FFE7FEE7FFF7CC
:1080200043FC4AF64030C2F2004001680139016069
:108030000068002840F09280FFE74AF63830C2F22C
:1080400000400068002800F08880FFE7FFE74AF65C
:108050009C30C2F200400068E0B3FFE74AF69C3073
:10806000C2F20040C068C068029002981830FFF762
:1080700073FB02980430FFF76FFB0298C16A01207E
:1080800000FA01F24AF64831C2F200410868104392
:1080900008600299C86A00EB800243F2A020C2F295
:1080A000004000EB82000431FFF7D2FB0298C06A67
:1080B00043F29021C2F200410968C96A884207D39D
:1080C000FFE74AF6E831C2F200410120086000E013
:1080D000FFE7BCE7029818B1FFE7FFF7C9F9FFE730
:1080E0004AF69830C2F20040006800900098E0B173
:1080F000FFE7FFE7FFF7A0FE38B1FFE74AF6E831F8
:10810000C2F200410120086000E0FFE7009801385A
:108110000090FFE700980028ECD1FFE74AF698317D
:10812000C2F200410020086000E0FFE74AF6E830B4
:10813000C2F20040006870B1FFE7012001904EF6E6
:108140000451CEF200014FF080500860BFF34F8F12
:10815000BFF36F8F00E0FFE7FFE700E0FFE7FFF707
:10816000CFFB019804B080BD10B52DED028BB1EEB0
:10817000C08A18EE100A20F00040C0F1FF40C00F86
:108180000AD010EE100A20F00040C0F1FF40C00FEE
:1081900004BF012000F014F8B0EE480ABDEC028BD9
:1081A00010BD02E008C8121F08C1002AFAD17047AA
:1081B0007047002001E001C1121F002AFBD1704767
:1081C0000149086070470000840800240000000096
:1081D000000000000000000000000000000000009F
:1081E0000100000002000000030000000400000085
:1081F000000000000500000000000000000000007A
:108200000000000006000000000000000000000068
:108210000000000007000000AD820108D10700083F
:10822000010000000000000000020000A48201081C
:10823000F9E5000802000000000000000002000054
:10824000BA82010811EE00080000000000000000E2
:10825000800000000000000001020304010203048A
:10826000060708090001020304050607080C10149C
:1082700018203040000610160006101608040204EC
:1082800008010101010101030701000001000200D2
:108290000400060008000A000C0010002000400046
:1082A000800000015053325F5441534B004348411A
:1082B000535349535F5441534B0064656661756C79
:1082C000745461736B0049444C4500434443204956
:1082D0006E746572666163650043444320436F6E4C
:1082E0006669670053544D6963726F656C656374AA
:1082F000726F6E6963730053544D33322056697246
:108300007475616C20436F6D506F727400000000D3
:10831000891112239B322446AD573665BF74488CB1
:10832000C19D5AAFD3BE6CCAE5DB7EE9F7F8811078
:10833000080193331A22A5562C47B7753E64C99C91
:10834000408DDBBF52AEEDDA64CBFFF976E8022157
:108350008B30100299132667AF763444BD554AAD71
:10836000C3BC588ED19F6EEBE7FA7CC8F5D9833138
:108370000A2091121803A7772E66B5543C45CBBD51
:1083800042ACD99E508FEFFB66EAFDD874C9044217
:108390008D5316619F702004A9153227BB364CCE31
:1083A000C5DF5EEDD7FC6888E1997AABF3BA8552F8
:1083B0000C4397711E60A1142805B3373A26CDDE11
:1083C00044CFDFFD56ECE9986089FBBB72AA0663D7
:1083D0008F7214409D512225AB343006B9174EEFF1
:1083E000C7FE5CCCD5DD6AA9E3B8788AF19B8773B8
:1083F0000E6295501C41A3352A24B1163807CFFFD1
:1084000046EEDDDC54CDEBB962A8F99A708B088496
:1084100081951AA793B62CC2A5D33EE1B7F04008C8
:10842000C919522BDB3A644EED5F766DFF7C89945F
:1084300000859BB712A6ADD224C3BFF136E0C118A8
:108440004809D33B5A2AE55E6C4FF77D7E6C0AA53E
:1084500083B4188691972EE3A7F23CC0B5D1422988
:10846000CB38500AD91B666FEF7E744CFD5D8BB51F
:1084700002A499961087AFF326E2BDD034C1C33968
:108480004A28D11A580BE77F6E6EF55C7C4D0CC6FE
:1084900085D71EE597F42880A1913AA3B3B2444A48
:1084A000CD5B5669DF78600CE91D722FFB3E8DD6DF
:1084B00004C79FF516E4A9902081BBB332A2C55A28
:1084C0004C4BD7795E68E11C680DF33F7A2E0EE7BE
:1084D00087F61CC495D52AA1A3B03882B193466B08
:1084E000CF7A5448DD59622DEB3C700EF91F8FF79F
:1084F00006E69DD414C5ABB122A0B9923083C77BE8
:108500004E6AD5585C49E33D6A2CF11E780F000095
:108510003085010800000024000C00001004000851
:1085200070860108000C0024F0A70000B281010849
:1085300001FF01FF01FF01FF01FF01FF01FF01FF3B
:1085400001992C3333EB3A58A08B3A8281015520A4
:108550004E204E0268010268020268030290046025
:108560001D012601087126010891260108B926017E
:108570000809270108B12501082126010846100233
:1085800058002056100258000264025804041002D9
:10859000580103140142501490D0030090D0038975
:1085A000180108B9150108E91B0108DDA916010821
:1085B0005114010849150108301CA9170108391781
:1085C00001081918010821170108090243000201D6
:1085D00000C03209042E010202010005240010012E
:1085E0000524012901042402020524064F01070580
:1085F000820308001009040100020A36070501027F
:1086000040460705810240450A0600024340012D0D
:1086100012010002020200408304405736020102A8
:1086200003012F0907000801070008A106000841FF
:10863000070C310859070008040309041A036201F2
:108640000218FA4201421029AAAAAAAA7D04017CB2
:108650002F0240AB034101055308065804070F2CB5
:108660000810810911000A15800B16150C18010D50
:04000005080002CD20
:00000001FF
